ID	Title	From	To	House	Term	Session	Meeting	Sitting	Agenda	Subcorpus	Speaker_role	Speaker_type	Speaker_party	Speaker_party_name	Party_status	Speaker_name	Speaker_gender	Speaker_birth
ParlaMint-GB_2015-01-05-commons.u1	Minutes of the House of Commons, Daily Session 2015-01-05	2015-01-05	2015-01-05	Lower house	55					Reference	Regular	MP	LD	Liberal Democrat	Coalition	Willott, Jennifer Nancy	F	-
ParlaMint-GB_2015-01-05-commons.u2	Minutes of the House of Commons, Daily Session 2015-01-05	2015-01-05	2015-01-05	Lower house	55					Reference	Regular	MP	CON	Conservative	Coalition	May, Theresa Mary	F	-
ParlaMint-GB_2015-01-05-commons.u3	Minutes of the House of Commons, Daily Session 2015-01-05	2015-01-05	2015-01-05	Lower house	55					Reference	Regular	MP	LD	Liberal Democrat	Coalition	Willott, Jennifer Nancy	F	-
ParlaMint-GB_2015-01-05-commons.u4	Minutes of the House of Commons, Daily Session 2015-01-05	2015-01-05	2015-01-05	Lower house	55					Reference	Regular	MP	CON	Conservative	Coalition	May, Theresa Mary	F	-
ParlaMint-GB_2015-01-05-commons.u5	Minutes of the House of Commons, Daily Session 2015-01-05	2015-01-05	2015-01-05	Lower house	55					Reference	Regular	MP	LAB	Labour	Opposition	Cunningham, Alexander	M	-
ParlaMint-GB_2015-01-05-commons.u6	Minutes of the House of Commons, Daily Session 2015-01-05	2015-01-05	2015-01-05	Lower house	55					Reference	Regular	MP	CON	Conservative	Coalition	May, Theresa Mary	F	-
ParlaMint-GB_2015-01-05-commons.u7	Minutes of the House of Commons, Daily Session 2015-01-05	2015-01-05	2015-01-05	Lower house	55					Reference	Regular	MP	LAB	Labour	Opposition	Gwynne, Andrew John	M	-
ParlaMint-GB_2015-01-05-commons.u8	Minutes of the House of Commons, Daily Session 2015-01-05	2015-01-05	2015-01-05	Lower house	55					Reference	Regular	MP	CON	Conservative	Coalition	May, Theresa Mary	F	-
ParlaMint-GB_2015-01-05-commons.u9	Minutes of the House of Commons, Daily Session 2015-01-05	2015-01-05	2015-01-05	Lower house	55					Reference	Regular	MP	CON	Conservative	Coalition	Paice, James Edward Thornton	M	-
ParlaMint-GB_2015-01-05-commons.u10	Minutes of the House of Commons, Daily Session 2015-01-05	2015-01-05	2015-01-05	Lower house	55					Reference	Regular	MP	CON	Conservative	Coalition	May, Theresa Mary	F	-
ParlaMint-GB_2015-01-05-commons.u11	Minutes of the House of Commons, Daily Session 2015-01-05	2015-01-05	2015-01-05	Lower house	55					Reference	Regular	MP	LD	Liberal Democrat	Coalition	Pugh, John David	M	-
ParlaMint-GB_2015-01-05-commons.u12	Minutes of the House of Commons, Daily Session 2015-01-05	2015-01-05	2015-01-05	Lower house	55					Reference	Regular	MP	LAB	Labour	Opposition	Brown, Nicholas Hugh	M	-
ParlaMint-GB_2015-01-05-commons.u13	Minutes of the House of Commons, Daily Session 2015-01-05	2015-01-05	2015-01-05	Lower house	55					Reference	Regular	MP	CON	Conservative	Coalition	Penning, Michael	M	-
ParlaMint-GB_2015-01-05-commons.u14	Minutes of the House of Commons, Daily Session 2015-01-05	2015-01-05	2015-01-05	Lower house	55					Reference	Chairperson	MP	CON	Conservative	Coalition	Bercow, John Simon	M	-
ParlaMint-GB_2015-01-05-commons.u15	Minutes of the House of Commons, Daily Session 2015-01-05	2015-01-05	2015-01-05	Lower house	55					Reference	Regular	MP	LD	Liberal Democrat	Coalition	Pugh, John David	M	-
ParlaMint-GB_2015-01-05-commons.u16	Minutes of the House of Commons, Daily Session 2015-01-05	2015-01-05	2015-01-05	Lower house	55					Reference	Regular	MP	CON	Conservative	Coalition	Penning, Michael	M	-
ParlaMint-GB_2015-01-05-commons.u17	Minutes of the House of Commons, Daily Session 2015-01-05	2015-01-05	2015-01-05	Lower house	55					Reference	Regular	MP	LAB	Labour	Opposition	Brown, Nicholas Hugh	M	-
ParlaMint-GB_2015-01-05-commons.u18	Minutes of the House of Commons, Daily Session 2015-01-05	2015-01-05	2015-01-05	Lower house	55					Reference	Regular	MP	CON	Conservative	Coalition	Penning, Michael	M	-
ParlaMint-GB_2015-01-05-commons.u19	Minutes of the House of Commons, Daily Session 2015-01-05	2015-01-05	2015-01-05	Lower house	55					Reference	Regular	MP	LAB	Labour	Opposition	Spellar, John Francis	M	-
ParlaMint-GB_2015-01-05-commons.u20	Minutes of the House of Commons, Daily Session 2015-01-05	2015-01-05	2015-01-05	Lower house	55					Reference	Regular	MP	CON	Conservative	Coalition	Penning, Michael	M	-
ParlaMint-GB_2015-01-05-commons.u21	Minutes of the House of Commons, Daily Session 2015-01-05	2015-01-05	2015-01-05	Lower house	55					Reference	Regular	MP	CON	Conservative	Coalition	Jones, David Ian	M	-
ParlaMint-GB_2015-01-05-commons.u22	Minutes of the House of Commons, Daily Session 2015-01-05	2015-01-05	2015-01-05	Lower house	55					Reference	Regular	MP	CON	Conservative	Coalition	Colvile, Oliver Newton	M	-
ParlaMint-GB_2015-01-05-commons.u23	Minutes of the House of Commons, Daily Session 2015-01-05	2015-01-05	2015-01-05	Lower house	55					Reference	Regular	MP	CON	Conservative	Coalition	Blackman, Robert John	M	-
ParlaMint-GB_2015-01-05-commons.u24	Minutes of the House of Commons, Daily Session 2015-01-05	2015-01-05	2015-01-05	Lower house	55					Reference	Regular	MP	CON	Conservative	Coalition	Mills, Nigel John	M	-
ParlaMint-GB_2015-01-05-commons.u25	Minutes of the House of Commons, Daily Session 2015-01-05	2015-01-05	2015-01-05	Lower house	55					Reference	Regular	MP	CON	Conservative	Coalition	May, Theresa Mary	F	-
ParlaMint-GB_2015-01-05-commons.u26	Minutes of the House of Commons, Daily Session 2015-01-05	2015-01-05	2015-01-05	Lower house	55					Reference	Regular	MP	CON	Conservative	Coalition	Jones, David Ian	M	-
ParlaMint-GB_2015-01-05-commons.u27	Minutes of the House of Commons, Daily Session 2015-01-05	2015-01-05	2015-01-05	Lower house	55					Reference	Regular	MP	CON	Conservative	Coalition	May, Theresa Mary	F	-
ParlaMint-GB_2015-01-05-commons.u28	Minutes of the House of Commons, Daily Session 2015-01-05	2015-01-05	2015-01-05	Lower house	55					Reference	Regular	MP	CON	Conservative	Coalition	Colvile, Oliver Newton	M	-
ParlaMint-GB_2015-01-05-commons.u29	Minutes of the House of Commons, Daily Session 2015-01-05	2015-01-05	2015-01-05	Lower house	55					Reference	Regular	MP	CON	Conservative	Coalition	May, Theresa Mary	F	-
ParlaMint-GB_2015-01-05-commons.u30	Minutes of the House of Commons, Daily Session 2015-01-05	2015-01-05	2015-01-05	Lower house	55					Reference	Regular	MP	CON	Conservative	Coalition	Blackman, Robert John	M	-
ParlaMint-GB_2015-01-05-commons.u31	Minutes of the House of Commons, Daily Session 2015-01-05	2015-01-05	2015-01-05	Lower house	55					Reference	Regular	MP	CON	Conservative	Coalition	May, Theresa Mary	F	-
ParlaMint-GB_2015-01-05-commons.u32	Minutes of the House of Commons, Daily Session 2015-01-05	2015-01-05	2015-01-05	Lower house	55					Reference	Regular	MP	CON	Conservative	Coalition	Mills, Nigel John	M	-
ParlaMint-GB_2015-01-05-commons.u33	Minutes of the House of Commons, Daily Session 2015-01-05	2015-01-05	2015-01-05	Lower house	55					Reference	Regular	MP	CON	Conservative	Coalition	May, Theresa Mary	F	-
ParlaMint-GB_2015-01-05-commons.u34	Minutes of the House of Commons, Daily Session 2015-01-05	2015-01-05	2015-01-05	Lower house	55					Reference	Regular	MP	LAB	Labour	Opposition	Jones, Kevan David	M	-
ParlaMint-GB_2015-01-05-commons.u35	Minutes of the House of Commons, Daily Session 2015-01-05	2015-01-05	2015-01-05	Lower house	55					Reference	Regular	MP	CON	Conservative	Coalition	May, Theresa Mary	F	-
ParlaMint-GB_2015-01-05-commons.u36	Minutes of the House of Commons, Daily Session 2015-01-05	2015-01-05	2015-01-05	Lower house	55					Reference	Regular	MP	LAB	Labour	Opposition	McCarthy, Kerry Gillian	F	-
ParlaMint-GB_2015-01-05-commons.u37	Minutes of the House of Commons, Daily Session 2015-01-05	2015-01-05	2015-01-05	Lower house	55					Reference	Regular	MP	CON	Conservative	Coalition	May, Theresa Mary	F	-
ParlaMint-GB_2015-01-05-commons.u38	Minutes of the House of Commons, Daily Session 2015-01-05	2015-01-05	2015-01-05	Lower house	55					Reference	Regular	MP	CON	Conservative	Coalition	Blackwood, Nicola	F	-
ParlaMint-GB_2015-01-05-commons.u39	Minutes of the House of Commons, Daily Session 2015-01-05	2015-01-05	2015-01-05	Lower house	55					Reference	Regular	MP	CON	Conservative	Coalition	May, Theresa Mary	F	-
ParlaMint-GB_2015-01-05-commons.u40	Minutes of the House of Commons, Daily Session 2015-01-05	2015-01-05	2015-01-05	Lower house	55					Reference	Regular	MP	LAB	Labour	Opposition	Dakin, Nicholas	M	-
ParlaMint-GB_2015-01-05-commons.u41	Minutes of the House of Commons, Daily Session 2015-01-05	2015-01-05	2015-01-05	Lower house	55					Reference	Regular	MP	CON	Conservative	Coalition	May, Theresa Mary	F	-
ParlaMint-GB_2015-01-05-commons.u42	Minutes of the House of Commons, Daily Session 2015-01-05	2015-01-05	2015-01-05	Lower house	55					Reference	Regular	MP	LAB	Labour	Opposition	Dakin, Nicholas	M	-
ParlaMint-GB_2015-01-05-commons.u43	Minutes of the House of Commons, Daily Session 2015-01-05	2015-01-05	2015-01-05	Lower house	55					Reference	Regular	MP	CON	Conservative	Coalition	May, Theresa Mary	F	-
ParlaMint-GB_2015-01-05-commons.u44	Minutes of the House of Commons, Daily Session 2015-01-05	2015-01-05	2015-01-05	Lower house	55					Reference	Regular	MP	CON	Conservative	Coalition	Gray, James Whiteside	M	-
ParlaMint-GB_2015-01-05-commons.u45	Minutes of the House of Commons, Daily Session 2015-01-05	2015-01-05	2015-01-05	Lower house	55					Reference	Regular	MP	CON	Conservative	Coalition	May, Theresa Mary	F	-
ParlaMint-GB_2015-01-05-commons.u46	Minutes of the House of Commons, Daily Session 2015-01-05	2015-01-05	2015-01-05	Lower house	55					Reference	Regular	MP	LAB	Labour	Opposition	Hillier, Margaret Olivia	F	-
ParlaMint-GB_2015-01-05-commons.u47	Minutes of the House of Commons, Daily Session 2015-01-05	2015-01-05	2015-01-05	Lower house	55					Reference	Regular	MP	CON	Conservative	Coalition	May, Theresa Mary	F	-
ParlaMint-GB_2015-01-05-commons.u48	Minutes of the House of Commons, Daily Session 2015-01-05	2015-01-05	2015-01-05	Lower house	55					Reference	Regular	MP	CON	Conservative	Coalition	Bone, Peter William	M	-
ParlaMint-GB_2015-01-05-commons.u49	Minutes of the House of Commons, Daily Session 2015-01-05	2015-01-05	2015-01-05	Lower house	55					Reference	Regular	MP	CON	Conservative	Coalition	May, Theresa Mary	F	-
ParlaMint-GB_2015-01-05-commons.u50	Minutes of the House of Commons, Daily Session 2015-01-05	2015-01-05	2015-01-05	Lower house	55					Reference	Chairperson	MP	CON	Conservative	Coalition	Bercow, John Simon	M	-
ParlaMint-GB_2015-01-05-commons.u51	Minutes of the House of Commons, Daily Session 2015-01-05	2015-01-05	2015-01-05	Lower house	55					Reference	Regular	MP	CON	Conservative	Coalition	May, Theresa Mary	F	-
ParlaMint-GB_2015-01-05-commons.u52	Minutes of the House of Commons, Daily Session 2015-01-05	2015-01-05	2015-01-05	Lower house	55					Reference	Regular	MP	SNP	Scottish National Party	Opposition	Wishart, Peter	M	-
ParlaMint-GB_2015-01-05-commons.u53	Minutes of the House of Commons, Daily Session 2015-01-05	2015-01-05	2015-01-05	Lower house	55					Reference	Regular	MP	CON	Conservative	Coalition	May, Theresa Mary	F	-
ParlaMint-GB_2015-01-05-commons.u54	Minutes of the House of Commons, Daily Session 2015-01-05	2015-01-05	2015-01-05	Lower house	55					Reference	Regular	MP	CON	Conservative	Coalition	Baldry, Anthony Brian	M	-
ParlaMint-GB_2015-01-05-commons.u55	Minutes of the House of Commons, Daily Session 2015-01-05	2015-01-05	2015-01-05	Lower house	55					Reference	Regular	MP	CON	Conservative	Coalition	May, Theresa Mary	F	-
ParlaMint-GB_2015-01-05-commons.u56	Minutes of the House of Commons, Daily Session 2015-01-05	2015-01-05	2015-01-05	Lower house	55					Reference	Regular	MP	LAB	Labour	Opposition	Smith, Nicholas Desmond John	M	-
ParlaMint-GB_2015-01-05-commons.u57	Minutes of the House of Commons, Daily Session 2015-01-05	2015-01-05	2015-01-05	Lower house	55					Reference	Regular	MP	CON	Conservative	Coalition	Brokenshire, James Peter	M	-
ParlaMint-GB_2015-01-05-commons.u58	Minutes of the House of Commons, Daily Session 2015-01-05	2015-01-05	2015-01-05	Lower house	55					Reference	Regular	MP	LAB	Labour	Opposition	Smith, Nicholas Desmond John	M	-
ParlaMint-GB_2015-01-05-commons.u59	Minutes of the House of Commons, Daily Session 2015-01-05	2015-01-05	2015-01-05	Lower house	55					Reference	Regular	MP	CON	Conservative	Coalition	Brokenshire, James Peter	M	-
ParlaMint-GB_2015-01-05-commons.u60	Minutes of the House of Commons, Daily Session 2015-01-05	2015-01-05	2015-01-05	Lower house	55					Reference	Regular	MP	LAB	Labour	Opposition	Hanson, David George	M	-
ParlaMint-GB_2015-01-05-commons.u61	Minutes of the House of Commons, Daily Session 2015-01-05	2015-01-05	2015-01-05	Lower house	55					Reference	Regular	MP	CON	Conservative	Coalition	Brokenshire, James Peter	M	-
ParlaMint-GB_2015-01-05-commons.u62	Minutes of the House of Commons, Daily Session 2015-01-05	2015-01-05	2015-01-05	Lower house	55					Reference	Regular	MP	CON	Conservative	Coalition	Howell, John Michael	M	-
ParlaMint-GB_2015-01-05-commons.u63	Minutes of the House of Commons, Daily Session 2015-01-05	2015-01-05	2015-01-05	Lower house	55					Reference	Regular	MP	LD	Liberal Democrat	Coalition	Featherstone, Lynne	F	-
ParlaMint-GB_2015-01-05-commons.u64	Minutes of the House of Commons, Daily Session 2015-01-05	2015-01-05	2015-01-05	Lower house	55					Reference	Regular	MP	CON	Conservative	Coalition	Howell, John Michael	M	-
ParlaMint-GB_2015-01-05-commons.u65	Minutes of the House of Commons, Daily Session 2015-01-05	2015-01-05	2015-01-05	Lower house	55					Reference	Regular	MP	LD	Liberal Democrat	Coalition	Featherstone, Lynne	F	-
ParlaMint-GB_2015-01-05-commons.u66	Minutes of the House of Commons, Daily Session 2015-01-05	2015-01-05	2015-01-05	Lower house	55					Reference	Regular	MP	LAB	Labour	Opposition	Reed, Steven Mark Ward	M	-
ParlaMint-GB_2015-01-05-commons.u67	Minutes of the House of Commons, Daily Session 2015-01-05	2015-01-05	2015-01-05	Lower house	55					Reference	Regular	MP	LD	Liberal Democrat	Coalition	Featherstone, Lynne	F	-
ParlaMint-GB_2015-01-05-commons.u68	Minutes of the House of Commons, Daily Session 2015-01-05	2015-01-05	2015-01-05	Lower house	55					Reference	Regular	MP	CON	Conservative	Coalition	Kirby, Simon	M	-
ParlaMint-GB_2015-01-05-commons.u69	Minutes of the House of Commons, Daily Session 2015-01-05	2015-01-05	2015-01-05	Lower house	55					Reference	Regular	MP	LD	Liberal Democrat	Coalition	Featherstone, Lynne	F	-
ParlaMint-GB_2015-01-05-commons.u70	Minutes of the House of Commons, Daily Session 2015-01-05	2015-01-05	2015-01-05	Lower house	55					Reference	Regular	MP	LAB	Labour	Opposition	Brennan, Kevin Denis	M	-
ParlaMint-GB_2015-01-05-commons.u71	Minutes of the House of Commons, Daily Session 2015-01-05	2015-01-05	2015-01-05	Lower house	55					Reference	Regular	MP	LD	Liberal Democrat	Coalition	Featherstone, Lynne	F	-
ParlaMint-GB_2015-01-05-commons.u72	Minutes of the House of Commons, Daily Session 2015-01-05	2015-01-05	2015-01-05	Lower house	55					Reference	Regular	MP	LD	Liberal Democrat	Coalition	Ward, David	M	-
ParlaMint-GB_2015-01-05-commons.u73	Minutes of the House of Commons, Daily Session 2015-01-05	2015-01-05	2015-01-05	Lower house	55					Reference	Regular	MP	CON	Conservative	Coalition	Brokenshire, James Peter	M	-
ParlaMint-GB_2015-01-05-commons.u74	Minutes of the House of Commons, Daily Session 2015-01-05	2015-01-05	2015-01-05	Lower house	55					Reference	Regular	MP	LD	Liberal Democrat	Coalition	Ward, David	M	-
ParlaMint-GB_2015-01-05-commons.u75	Minutes of the House of Commons, Daily Session 2015-01-05	2015-01-05	2015-01-05	Lower house	55					Reference	Regular	MP	CON	Conservative	Coalition	Brokenshire, James Peter	M	-
ParlaMint-GB_2015-01-05-commons.u76	Minutes of the House of Commons, Daily Session 2015-01-05	2015-01-05	2015-01-05	Lower house	55					Reference	Regular	MP	LD	Liberal Democrat	Coalition	Teather, Sarah Louise	F	-
ParlaMint-GB_2015-01-05-commons.u77	Minutes of the House of Commons, Daily Session 2015-01-05	2015-01-05	2015-01-05	Lower house	55					Reference	Regular	MP	CON	Conservative	Coalition	Brokenshire, James Peter	M	-
ParlaMint-GB_2015-01-05-commons.u78	Minutes of the House of Commons, Daily Session 2015-01-05	2015-01-05	2015-01-05	Lower house	55					Reference	Regular	MP	LD	Liberal Democrat	Coalition	Teather, Sarah Louise	F	-
ParlaMint-GB_2015-01-05-commons.u79	Minutes of the House of Commons, Daily Session 2015-01-05	2015-01-05	2015-01-05	Lower house	55					Reference	Regular	MP	CON	Conservative	Coalition	Brokenshire, James Peter	M	-
ParlaMint-GB_2015-01-05-commons.u80	Minutes of the House of Commons, Daily Session 2015-01-05	2015-01-05	2015-01-05	Lower house	55					Reference	Regular	MP	LAB	Labour	Opposition	Griffith, Nia Rhiannon	F	-
ParlaMint-GB_2015-01-05-commons.u81	Minutes of the House of Commons, Daily Session 2015-01-05	2015-01-05	2015-01-05	Lower house	55					Reference	Regular	MP	CON	Conservative	Coalition	Brokenshire, James Peter	M	-
ParlaMint-GB_2015-01-05-commons.u82	Minutes of the House of Commons, Daily Session 2015-01-05	2015-01-05	2015-01-05	Lower house	55					Reference	Regular	MP	LAB	Labour	Opposition	Johnson, Diana Ruth	F	-
ParlaMint-GB_2015-01-05-commons.u83	Minutes of the House of Commons, Daily Session 2015-01-05	2015-01-05	2015-01-05	Lower house	55					Reference	Regular	MP	CON	Conservative	Coalition	Brokenshire, James Peter	M	-
ParlaMint-GB_2015-01-05-commons.u84	Minutes of the House of Commons, Daily Session 2015-01-05	2015-01-05	2015-01-05	Lower house	55					Reference	Regular	MP	CON	Conservative	Coalition	Elphicke, Brett Charles Anthony	M	-
ParlaMint-GB_2015-01-05-commons.u85	Minutes of the House of Commons, Daily Session 2015-01-05	2015-01-05	2015-01-05	Lower house	55					Reference	Regular	MP	CON	Conservative	Coalition	Brokenshire, James Peter	M	-
ParlaMint-GB_2015-01-05-commons.u86	Minutes of the House of Commons, Daily Session 2015-01-05	2015-01-05	2015-01-05	Lower house	55					Reference	Regular	MP	CON	Conservative	Coalition	Elphicke, Brett Charles Anthony	M	-
ParlaMint-GB_2015-01-05-commons.u87	Minutes of the House of Commons, Daily Session 2015-01-05	2015-01-05	2015-01-05	Lower house	55					Reference	Regular	MP	CON	Conservative	Coalition	Brokenshire, James Peter	M	-
ParlaMint-GB_2015-01-05-commons.u88	Minutes of the House of Commons, Daily Session 2015-01-05	2015-01-05	2015-01-05	Lower house	55					Reference	Regular	MP	LAB	Labour	Opposition	Vaz, Keith Anthony	M	-
ParlaMint-GB_2015-01-05-commons.u89	Minutes of the House of Commons, Daily Session 2015-01-05	2015-01-05	2015-01-05	Lower house	55					Reference	Regular	MP	CON	Conservative	Coalition	Brokenshire, James Peter	M	-
ParlaMint-GB_2015-01-05-commons.u90	Minutes of the House of Commons, Daily Session 2015-01-05	2015-01-05	2015-01-05	Lower house	55					Reference	Regular	MP	CON	Conservative	Coalition	Loughton, Timothy Paul	M	-
ParlaMint-GB_2015-01-05-commons.u91	Minutes of the House of Commons, Daily Session 2015-01-05	2015-01-05	2015-01-05	Lower house	55					Reference	Regular	MP	CON	Conservative	Coalition	Brokenshire, James Peter	M	-
ParlaMint-GB_2015-01-05-commons.u92	Minutes of the House of Commons, Daily Session 2015-01-05	2015-01-05	2015-01-05	Lower house	55					Reference	Regular	MP	UKIP	UK Independence Party	Opposition	Reckless, Mark	M	-
ParlaMint-GB_2015-01-05-commons.u93	Minutes of the House of Commons, Daily Session 2015-01-05	2015-01-05	2015-01-05	Lower house	55					Reference	Regular	MP	CON	Conservative	Coalition	Brokenshire, James Peter	M	-
ParlaMint-GB_2015-01-05-commons.u94	Minutes of the House of Commons, Daily Session 2015-01-05	2015-01-05	2015-01-05	Lower house	55					Reference	Regular	MP	UKIP	UK Independence Party	Opposition	Carswell, John Douglas Wilson	M	-
ParlaMint-GB_2015-01-05-commons.u95	Minutes of the House of Commons, Daily Session 2015-01-05	2015-01-05	2015-01-05	Lower house	55					Reference	Regular	MP	CON	Conservative	Coalition	Penning, Michael	M	-
ParlaMint-GB_2015-01-05-commons.u96	Minutes of the House of Commons, Daily Session 2015-01-05	2015-01-05	2015-01-05	Lower house	55					Reference	Regular	MP	UKIP	UK Independence Party	Opposition	Carswell, John Douglas Wilson	M	-
ParlaMint-GB_2015-01-05-commons.u97	Minutes of the House of Commons, Daily Session 2015-01-05	2015-01-05	2015-01-05	Lower house	55					Reference	Regular	MP	CON	Conservative	Coalition	Penning, Michael	M	-
ParlaMint-GB_2015-01-05-commons.u98	Minutes of the House of Commons, Daily Session 2015-01-05	2015-01-05	2015-01-05	Lower house	55					Reference	Regular	MP	CON	Conservative	Coalition	Baker, Steven John	M	-
ParlaMint-GB_2015-01-05-commons.u99	Minutes of the House of Commons, Daily Session 2015-01-05	2015-01-05	2015-01-05	Lower house	55					Reference	Regular	MP	CON	Conservative	Coalition	Penning, Michael	M	-
ParlaMint-GB_2015-01-05-commons.u100	Minutes of the House of Commons, Daily Session 2015-01-05	2015-01-05	2015-01-05	Lower house	55					Reference	Regular	MP	CON	Conservative	Coalition	Hollobone, Philip Thomas	M	-
ParlaMint-GB_2015-01-05-commons.u101	Minutes of the House of Commons, Daily Session 2015-01-05	2015-01-05	2015-01-05	Lower house	55					Reference	Regular	MP	CON	Conservative	Coalition	Penning, Michael	M	-
ParlaMint-GB_2015-01-05-commons.u102	Minutes of the House of Commons, Daily Session 2015-01-05	2015-01-05	2015-01-05	Lower house	55					Reference	Regular	MP	LAB	Labour	Opposition	Flello, Robert Charles Douglas	M	-
ParlaMint-GB_2015-01-05-commons.u103	Minutes of the House of Commons, Daily Session 2015-01-05	2015-01-05	2015-01-05	Lower house	55					Reference	Regular	MP	CON	Conservative	Coalition	Penning, Michael	M	-
ParlaMint-GB_2015-01-05-commons.u104	Minutes of the House of Commons, Daily Session 2015-01-05	2015-01-05	2015-01-05	Lower house	55					Reference	Regular	MP	LAB	Labour	Opposition	Flello, Robert Charles Douglas	M	-
ParlaMint-GB_2015-01-05-commons.u105	Minutes of the House of Commons, Daily Session 2015-01-05	2015-01-05	2015-01-05	Lower house	55					Reference	Regular	MP	CON	Conservative	Coalition	Penning, Michael	M	-
ParlaMint-GB_2015-01-05-commons.u106	Minutes of the House of Commons, Daily Session 2015-01-05	2015-01-05	2015-01-05	Lower house	55					Reference	Regular	MP	CON	Conservative	Coalition	Leigh, Edward Julian Egerton	M	-
ParlaMint-GB_2015-01-05-commons.u107	Minutes of the House of Commons, Daily Session 2015-01-05	2015-01-05	2015-01-05	Lower house	55					Reference	Regular	MP	CON	Conservative	Coalition	Penning, Michael	M	-
ParlaMint-GB_2015-01-05-commons.u108	Minutes of the House of Commons, Daily Session 2015-01-05	2015-01-05	2015-01-05	Lower house	55					Reference	Regular	MP	LAB	Labour	Opposition	Dromey, John Eugene Joseph	M	-
ParlaMint-GB_2015-01-05-commons.u109	Minutes of the House of Commons, Daily Session 2015-01-05	2015-01-05	2015-01-05	Lower house	55					Reference	Regular	MP	CON	Conservative	Coalition	Penning, Michael	M	-
ParlaMint-GB_2015-01-05-commons.u110	Minutes of the House of Commons, Daily Session 2015-01-05	2015-01-05	2015-01-05	Lower house	55					Reference	Regular	MP	LD	Liberal Democrat	Coalition	Hames, Duncan	M	-
ParlaMint-GB_2015-01-05-commons.u111	Minutes of the House of Commons, Daily Session 2015-01-05	2015-01-05	2015-01-05	Lower house	55					Reference	Regular	MP	CON	Conservative	Coalition	May, Theresa Mary	F	-
ParlaMint-GB_2015-01-05-commons.u112	Minutes of the House of Commons, Daily Session 2015-01-05	2015-01-05	2015-01-05	Lower house	55					Reference	Regular	MP	LD	Liberal Democrat	Coalition	Hames, Duncan	M	-
ParlaMint-GB_2015-01-05-commons.u113	Minutes of the House of Commons, Daily Session 2015-01-05	2015-01-05	2015-01-05	Lower house	55					Reference	Regular	MP	CON	Conservative	Coalition	May, Theresa Mary	F	-
ParlaMint-GB_2015-01-05-commons.u114	Minutes of the House of Commons, Daily Session 2015-01-05	2015-01-05	2015-01-05	Lower house	55					Reference	Regular	MP	CON	Conservative	Coalition	Turner, Andrew John	M	-
ParlaMint-GB_2015-01-05-commons.u115	Minutes of the House of Commons, Daily Session 2015-01-05	2015-01-05	2015-01-05	Lower house	55					Reference	Regular	MP	CON	Conservative	Coalition	Brokenshire, James Peter	M	-
ParlaMint-GB_2015-01-05-commons.u116	Minutes of the House of Commons, Daily Session 2015-01-05	2015-01-05	2015-01-05	Lower house	55					Reference	Regular	MP	CON	Conservative	Coalition	Turner, Andrew John	M	-
ParlaMint-GB_2015-01-05-commons.u117	Minutes of the House of Commons, Daily Session 2015-01-05	2015-01-05	2015-01-05	Lower house	55					Reference	Regular	MP	CON	Conservative	Coalition	Brokenshire, James Peter	M	-
ParlaMint-GB_2015-01-05-commons.u118	Minutes of the House of Commons, Daily Session 2015-01-05	2015-01-05	2015-01-05	Lower house	55					Reference	Regular	MP	CON	Conservative	Coalition	Lefroy, Jeremy John Elton	M	-
ParlaMint-GB_2015-01-05-commons.u119	Minutes of the House of Commons, Daily Session 2015-01-05	2015-01-05	2015-01-05	Lower house	55					Reference	Regular	MP	CON	Conservative	Coalition	May, Theresa Mary	F	-
ParlaMint-GB_2015-01-05-commons.u120	Minutes of the House of Commons, Daily Session 2015-01-05	2015-01-05	2015-01-05	Lower house	55					Reference	Regular	MP	CON	Conservative	Coalition	Lefroy, Jeremy John Elton	M	-
ParlaMint-GB_2015-01-05-commons.u121	Minutes of the House of Commons, Daily Session 2015-01-05	2015-01-05	2015-01-05	Lower house	55					Reference	Regular	MP	CON	Conservative	Coalition	May, Theresa Mary	F	-
ParlaMint-GB_2015-01-05-commons.u122	Minutes of the House of Commons, Daily Session 2015-01-05	2015-01-05	2015-01-05	Lower house	55					Reference	Regular	MP	LAB	Labour	Opposition	Cooper, Yvette	F	-
ParlaMint-GB_2015-01-05-commons.u123	Minutes of the House of Commons, Daily Session 2015-01-05	2015-01-05	2015-01-05	Lower house	55					Reference	Regular	MP	CON	Conservative	Coalition	May, Theresa Mary	F	-
ParlaMint-GB_2015-01-05-commons.u124	Minutes of the House of Commons, Daily Session 2015-01-05	2015-01-05	2015-01-05	Lower house	55					Reference	Regular	MP	LAB	Labour	Opposition	Cooper, Yvette	F	-
ParlaMint-GB_2015-01-05-commons.u125	Minutes of the House of Commons, Daily Session 2015-01-05	2015-01-05	2015-01-05	Lower house	55					Reference	Regular	MP	CON	Conservative	Coalition	May, Theresa Mary	F	-
ParlaMint-GB_2015-01-05-commons.u126	Minutes of the House of Commons, Daily Session 2015-01-05	2015-01-05	2015-01-05	Lower house	55					Reference	Regular	MP	CON	Conservative	Coalition	Rosindell, Andrew Richard	M	-
ParlaMint-GB_2015-01-05-commons.u127	Minutes of the House of Commons, Daily Session 2015-01-05	2015-01-05	2015-01-05	Lower house	55					Reference	Regular	MP	CON	Conservative	Coalition	Penning, Michael	M	-
ParlaMint-GB_2015-01-05-commons.u128	Minutes of the House of Commons, Daily Session 2015-01-05	2015-01-05	2015-01-05	Lower house	55					Reference	Regular	MP	LAB	Labour	Opposition	Cunningham, James Dolan	M	-
ParlaMint-GB_2015-01-05-commons.u129	Minutes of the House of Commons, Daily Session 2015-01-05	2015-01-05	2015-01-05	Lower house	55					Reference	Regular	MP	CON	Conservative	Coalition	Bradley, Karen Anne	F	-
ParlaMint-GB_2015-01-05-commons.u130	Minutes of the House of Commons, Daily Session 2015-01-05	2015-01-05	2015-01-05	Lower house	55					Reference	Regular	MP	CON	Conservative	Coalition	Lumley, Karen	F	-
ParlaMint-GB_2015-01-05-commons.u131	Minutes of the House of Commons, Daily Session 2015-01-05	2015-01-05	2015-01-05	Lower house	55					Reference	Regular	MP	LD	Liberal Democrat	Coalition	Featherstone, Lynne	F	-
ParlaMint-GB_2015-01-05-commons.u132	Minutes of the House of Commons, Daily Session 2015-01-05	2015-01-05	2015-01-05	Lower house	55					Reference	Regular	MP	LAB	Labour	Opposition	Cunningham, Alexander	M	-
ParlaMint-GB_2015-01-05-commons.u133	Minutes of the House of Commons, Daily Session 2015-01-05	2015-01-05	2015-01-05	Lower house	55					Reference	Regular	MP	CON	Conservative	Coalition	Penning, Michael	M	-
ParlaMint-GB_2015-01-05-commons.u134	Minutes of the House of Commons, Daily Session 2015-01-05	2015-01-05	2015-01-05	Lower house	55					Reference	Regular	MP	CON	Conservative	Coalition	McIntosh, Anne	F	-
ParlaMint-GB_2015-01-05-commons.u135	Minutes of the House of Commons, Daily Session 2015-01-05	2015-01-05	2015-01-05	Lower house	55					Reference	Regular	MP	CON	Conservative	Coalition	Bradley, Karen Anne	F	-
ParlaMint-GB_2015-01-05-commons.u136	Minutes of the House of Commons, Daily Session 2015-01-05	2015-01-05	2015-01-05	Lower house	55					Reference	Regular	MP	LAB	Labour	Opposition	Mann, John	M	-
ParlaMint-GB_2015-01-05-commons.u137	Minutes of the House of Commons, Daily Session 2015-01-05	2015-01-05	2015-01-05	Lower house	55					Reference	Regular	MP	CON	Conservative	Coalition	May, Theresa Mary	F	-
ParlaMint-GB_2015-01-05-commons.u138	Minutes of the House of Commons, Daily Session 2015-01-05	2015-01-05	2015-01-05	Lower house	55					Reference	Regular	MP	CON	Conservative	Coalition	Luff, Peter James	M	-
ParlaMint-GB_2015-01-05-commons.u139	Minutes of the House of Commons, Daily Session 2015-01-05	2015-01-05	2015-01-05	Lower house	55					Reference	Regular	MP	CON	Conservative	Coalition	Brokenshire, James Peter	M	-
ParlaMint-GB_2015-01-05-commons.u140	Minutes of the House of Commons, Daily Session 2015-01-05	2015-01-05	2015-01-05	Lower house	55					Reference	Regular	MP	LAB	Labour	Opposition	Lucas, Ian Colin	M	-
ParlaMint-GB_2015-01-05-commons.u141	Minutes of the House of Commons, Daily Session 2015-01-05	2015-01-05	2015-01-05	Lower house	55					Reference	Regular	MP	CON	Conservative	Coalition	May, Theresa Mary	F	-
ParlaMint-GB_2015-01-05-commons.u142	Minutes of the House of Commons, Daily Session 2015-01-05	2015-01-05	2015-01-05	Lower house	55					Reference	Regular	MP	LD	Liberal Democrat	Coalition	Russell, Robert Edward	M	-
ParlaMint-GB_2015-01-05-commons.u143	Minutes of the House of Commons, Daily Session 2015-01-05	2015-01-05	2015-01-05	Lower house	55					Reference	Regular	MP	CON	Conservative	Coalition	Penning, Michael	M	-
ParlaMint-GB_2015-01-05-commons.u144	Minutes of the House of Commons, Daily Session 2015-01-05	2015-01-05	2015-01-05	Lower house	55					Reference	Regular	MP	LAB	Labour	Opposition	Blomfield, Paul Christopher	M	-
ParlaMint-GB_2015-01-05-commons.u145	Minutes of the House of Commons, Daily Session 2015-01-05	2015-01-05	2015-01-05	Lower house	55					Reference	Regular	MP	CON	Conservative	Coalition	May, Theresa Mary	F	-
ParlaMint-GB_2015-01-05-commons.u146	Minutes of the House of Commons, Daily Session 2015-01-05	2015-01-05	2015-01-05	Lower house	55					Reference	Regular	MP	CON	Conservative	Coalition	Burt, Alistair James Hendrie	M	-
ParlaMint-GB_2015-01-05-commons.u147	Minutes of the House of Commons, Daily Session 2015-01-05	2015-01-05	2015-01-05	Lower house	55					Reference	Regular	MP	CON	Conservative	Coalition	Penning, Michael	M	-
ParlaMint-GB_2015-01-05-commons.u148	Minutes of the House of Commons, Daily Session 2015-01-05	2015-01-05	2015-01-05	Lower house	55					Reference	Regular	MP	LAB	Labour	Opposition	Hilling, Julie	F	-
ParlaMint-GB_2015-01-05-commons.u149	Minutes of the House of Commons, Daily Session 2015-01-05	2015-01-05	2015-01-05	Lower house	55					Reference	Regular	MP	CON	Conservative	Coalition	Bradley, Karen Anne	F	-
ParlaMint-GB_2015-01-05-commons.u150	Minutes of the House of Commons, Daily Session 2015-01-05	2015-01-05	2015-01-05	Lower house	55					Reference	Regular	MP	CON	Conservative	Coalition	Bruce, Fiona Claire	F	-
ParlaMint-GB_2015-01-05-commons.u151	Minutes of the House of Commons, Daily Session 2015-01-05	2015-01-05	2015-01-05	Lower house	55					Reference	Regular	MP	LD	Liberal Democrat	Coalition	Featherstone, Lynne	F	-
ParlaMint-GB_2015-01-05-commons.u152	Minutes of the House of Commons, Daily Session 2015-01-05	2015-01-05	2015-01-05	Lower house	55					Reference	Regular	MP	LAB	Labour	Opposition	Greatrex, Tom	M	-
ParlaMint-GB_2015-01-05-commons.u153	Minutes of the House of Commons, Daily Session 2015-01-05	2015-01-05	2015-01-05	Lower house	55					Reference	Regular	MP	CON	Conservative	Coalition	Brokenshire, James Peter	M	-
ParlaMint-GB_2015-01-05-commons.u154	Minutes of the House of Commons, Daily Session 2015-01-05	2015-01-05	2015-01-05	Lower house	55					Reference	Regular	MP	LAB	Labour	Opposition	Dugher, Michael	M	-
ParlaMint-GB_2015-01-05-commons.u155	Minutes of the House of Commons, Daily Session 2015-01-05	2015-01-05	2015-01-05	Lower house	55					Reference	Regular	MP	CON	Conservative	Coalition	McLoughlin, Patrick	M	-
ParlaMint-GB_2015-01-05-commons.u156	Minutes of the House of Commons, Daily Session 2015-01-05	2015-01-05	2015-01-05	Lower house	55					Reference	Regular	MP	LAB	Labour	Opposition	Dugher, Michael	M	-
ParlaMint-GB_2015-01-05-commons.u157	Minutes of the House of Commons, Daily Session 2015-01-05	2015-01-05	2015-01-05	Lower house	55					Reference	Regular	MP	CON	Conservative	Coalition	McLoughlin, Patrick	M	-
ParlaMint-GB_2015-01-05-commons.u158	Minutes of the House of Commons, Daily Session 2015-01-05	2015-01-05	2015-01-05	Lower house	55					Reference	Regular	MP	LAB	Labour	Opposition	Dugher, Michael	M	-
ParlaMint-GB_2015-01-05-commons.u159	Minutes of the House of Commons, Daily Session 2015-01-05	2015-01-05	2015-01-05	Lower house	55					Reference	Regular	MP	CON	Conservative	Coalition	McLoughlin, Patrick	M	-
ParlaMint-GB_2015-01-05-commons.u160	Minutes of the House of Commons, Daily Session 2015-01-05	2015-01-05	2015-01-05	Lower house	55					Reference	Chairperson	MP	CON	Conservative	Coalition	Bercow, John Simon	M	-
ParlaMint-GB_2015-01-05-commons.u161	Minutes of the House of Commons, Daily Session 2015-01-05	2015-01-05	2015-01-05	Lower house	55					Reference	Regular	MP	CON	Conservative	Coalition	McLoughlin, Patrick	M	-
ParlaMint-GB_2015-01-05-commons.u162	Minutes of the House of Commons, Daily Session 2015-01-05	2015-01-05	2015-01-05	Lower house	55					Reference	Regular	MP	CON	Conservative	Coalition	Burns, Simon Hugh McGuigan	M	-
ParlaMint-GB_2015-01-05-commons.u163	Minutes of the House of Commons, Daily Session 2015-01-05	2015-01-05	2015-01-05	Lower house	55					Reference	Regular	MP	CON	Conservative	Coalition	McLoughlin, Patrick	M	-
ParlaMint-GB_2015-01-05-commons.u164	Minutes of the House of Commons, Daily Session 2015-01-05	2015-01-05	2015-01-05	Lower house	55					Reference	Regular	MP	LAB	Labour	Opposition	Ellman, Louise Joyce	F	-
ParlaMint-GB_2015-01-05-commons.u165	Minutes of the House of Commons, Daily Session 2015-01-05	2015-01-05	2015-01-05	Lower house	55					Reference	Regular	MP	CON	Conservative	Coalition	McLoughlin, Patrick	M	-
ParlaMint-GB_2015-01-05-commons.u166	Minutes of the House of Commons, Daily Session 2015-01-05	2015-01-05	2015-01-05	Lower house	55					Reference	Regular	MP	CON	Conservative	Coalition	Redwood, John Alan	M	-
ParlaMint-GB_2015-01-05-commons.u167	Minutes of the House of Commons, Daily Session 2015-01-05	2015-01-05	2015-01-05	Lower house	55					Reference	Regular	MP	CON	Conservative	Coalition	McLoughlin, Patrick	M	-
ParlaMint-GB_2015-01-05-commons.u168	Minutes of the House of Commons, Daily Session 2015-01-05	2015-01-05	2015-01-05	Lower house	55					Reference	Regular	MP	LAB	Labour	Opposition	Jamieson, Cathy	F	-
ParlaMint-GB_2015-01-05-commons.u169	Minutes of the House of Commons, Daily Session 2015-01-05	2015-01-05	2015-01-05	Lower house	55					Reference	Regular	MP	CON	Conservative	Coalition	McLoughlin, Patrick	M	-
ParlaMint-GB_2015-01-05-commons.u170	Minutes of the House of Commons, Daily Session 2015-01-05	2015-01-05	2015-01-05	Lower house	55					Reference	Regular	MP	CON	Conservative	Coalition	Haselhurst, Alan	M	-
ParlaMint-GB_2015-01-05-commons.u171	Minutes of the House of Commons, Daily Session 2015-01-05	2015-01-05	2015-01-05	Lower house	55					Reference	Regular	MP	CON	Conservative	Coalition	McLoughlin, Patrick	M	-
ParlaMint-GB_2015-01-05-commons.u172	Minutes of the House of Commons, Daily Session 2015-01-05	2015-01-05	2015-01-05	Lower house	55					Reference	Regular	MP	LAB	Labour	Opposition	Hopkins, Kelvin Peter	M	-
ParlaMint-GB_2015-01-05-commons.u173	Minutes of the House of Commons, Daily Session 2015-01-05	2015-01-05	2015-01-05	Lower house	55					Reference	Regular	MP	CON	Conservative	Coalition	McLoughlin, Patrick	M	-
ParlaMint-GB_2015-01-05-commons.u174	Minutes of the House of Commons, Daily Session 2015-01-05	2015-01-05	2015-01-05	Lower house	55					Reference	Regular	MP	CON	Conservative	Coalition	McIntosh, Anne	F	-
ParlaMint-GB_2015-01-05-commons.u175	Minutes of the House of Commons, Daily Session 2015-01-05	2015-01-05	2015-01-05	Lower house	55					Reference	Regular	MP	CON	Conservative	Coalition	McLoughlin, Patrick	M	-
ParlaMint-GB_2015-01-05-commons.u176	Minutes of the House of Commons, Daily Session 2015-01-05	2015-01-05	2015-01-05	Lower house	55					Reference	Regular	MP	LAB	Labour	Opposition	Corbyn, Jeremy Bernard	M	-
ParlaMint-GB_2015-01-05-commons.u177	Minutes of the House of Commons, Daily Session 2015-01-05	2015-01-05	2015-01-05	Lower house	55					Reference	Regular	MP	CON	Conservative	Coalition	McLoughlin, Patrick	M	-
ParlaMint-GB_2015-01-05-commons.u178	Minutes of the House of Commons, Daily Session 2015-01-05	2015-01-05	2015-01-05	Lower house	55					Reference	Regular	MP	CON	Conservative	Coalition	Soames, Nicholas	M	-
ParlaMint-GB_2015-01-05-commons.u179	Minutes of the House of Commons, Daily Session 2015-01-05	2015-01-05	2015-01-05	Lower house	55					Reference	Regular	MP	CON	Conservative	Coalition	McLoughlin, Patrick	M	-
ParlaMint-GB_2015-01-05-commons.u180	Minutes of the House of Commons, Daily Session 2015-01-05	2015-01-05	2015-01-05	Lower house	55					Reference	Regular	MP	UKIP	UK Independence Party	Opposition	Carswell, John Douglas Wilson	M	-
ParlaMint-GB_2015-01-05-commons.u181	Minutes of the House of Commons, Daily Session 2015-01-05	2015-01-05	2015-01-05	Lower house	55					Reference	Regular	MP	CON	Conservative	Coalition	McLoughlin, Patrick	M	-
ParlaMint-GB_2015-01-05-commons.u182	Minutes of the House of Commons, Daily Session 2015-01-05	2015-01-05	2015-01-05	Lower house	55					Reference	Regular	MP	LD	Liberal Democrat	Coalition	Swales, Ian	M	-
ParlaMint-GB_2015-01-05-commons.u183	Minutes of the House of Commons, Daily Session 2015-01-05	2015-01-05	2015-01-05	Lower house	55					Reference	Regular	MP	CON	Conservative	Coalition	McLoughlin, Patrick	M	-
ParlaMint-GB_2015-01-05-commons.u184	Minutes of the House of Commons, Daily Session 2015-01-05	2015-01-05	2015-01-05	Lower house	55					Reference	Regular	MP	LAB	Labour	Opposition	Seabeck, Alison Jane	F	-
ParlaMint-GB_2015-01-05-commons.u185	Minutes of the House of Commons, Daily Session 2015-01-05	2015-01-05	2015-01-05	Lower house	55					Reference	Regular	MP	CON	Conservative	Coalition	McLoughlin, Patrick	M	-
ParlaMint-GB_2015-01-05-commons.u186	Minutes of the House of Commons, Daily Session 2015-01-05	2015-01-05	2015-01-05	Lower house	55					Reference	Regular	MP	CON	Conservative	Coalition	Randall, Alexander	M	-
ParlaMint-GB_2015-01-05-commons.u187	Minutes of the House of Commons, Daily Session 2015-01-05	2015-01-05	2015-01-05	Lower house	55					Reference	Regular	MP	CON	Conservative	Coalition	McLoughlin, Patrick	M	-
ParlaMint-GB_2015-01-05-commons.u188	Minutes of the House of Commons, Daily Session 2015-01-05	2015-01-05	2015-01-05	Lower house	55					Reference	Regular	MP	GP	Green Party	Opposition	Lucas, Caroline	F	-
ParlaMint-GB_2015-01-05-commons.u189	Minutes of the House of Commons, Daily Session 2015-01-05	2015-01-05	2015-01-05	Lower house	55					Reference	Regular	MP	CON	Conservative	Coalition	McLoughlin, Patrick	M	-
ParlaMint-GB_2015-01-05-commons.u190	Minutes of the House of Commons, Daily Session 2015-01-05	2015-01-05	2015-01-05	Lower house	55					Reference	Regular	MP	CON	Conservative	Coalition	Hammond, Stephen William	M	-
ParlaMint-GB_2015-01-05-commons.u191	Minutes of the House of Commons, Daily Session 2015-01-05	2015-01-05	2015-01-05	Lower house	55					Reference	Regular	MP	CON	Conservative	Coalition	McLoughlin, Patrick	M	-
ParlaMint-GB_2015-01-05-commons.u192	Minutes of the House of Commons, Daily Session 2015-01-05	2015-01-05	2015-01-05	Lower house	55					Reference	Regular	MP	LAB	Labour	Opposition	Efford, Clive Stanley	M	-
ParlaMint-GB_2015-01-05-commons.u193	Minutes of the House of Commons, Daily Session 2015-01-05	2015-01-05	2015-01-05	Lower house	55					Reference	Regular	MP	CON	Conservative	Coalition	McLoughlin, Patrick	M	-
ParlaMint-GB_2015-01-05-commons.u194	Minutes of the House of Commons, Daily Session 2015-01-05	2015-01-05	2015-01-05	Lower house	55					Reference	Regular	MP	CON	Conservative	Coalition	Blunt, Crispin Jeremy Rupert	M	-
ParlaMint-GB_2015-01-05-commons.u195	Minutes of the House of Commons, Daily Session 2015-01-05	2015-01-05	2015-01-05	Lower house	55					Reference	Regular	MP	CON	Conservative	Coalition	McLoughlin, Patrick	M	-
ParlaMint-GB_2015-01-05-commons.u196	Minutes of the House of Commons, Daily Session 2015-01-05	2015-01-05	2015-01-05	Lower house	55					Reference	Regular	MP	LAB	Labour	Opposition	Blenkinsop, Tom	M	-
ParlaMint-GB_2015-01-05-commons.u197	Minutes of the House of Commons, Daily Session 2015-01-05	2015-01-05	2015-01-05	Lower house	55					Reference	Regular	MP	CON	Conservative	Coalition	McLoughlin, Patrick	M	-
ParlaMint-GB_2015-01-05-commons.u198	Minutes of the House of Commons, Daily Session 2015-01-05	2015-01-05	2015-01-05	Lower house	55					Reference	Regular	MP	CON	Conservative	Coalition	Vickers, Martin John	M	-
ParlaMint-GB_2015-01-05-commons.u199	Minutes of the House of Commons, Daily Session 2015-01-05	2015-01-05	2015-01-05	Lower house	55					Reference	Regular	MP	CON	Conservative	Coalition	McLoughlin, Patrick	M	-
ParlaMint-GB_2015-01-05-commons.u200	Minutes of the House of Commons, Daily Session 2015-01-05	2015-01-05	2015-01-05	Lower house	55					Reference	Regular	MP	LAB	Labour	Opposition	Abbott, Diane Julie	F	-
ParlaMint-GB_2015-01-05-commons.u201	Minutes of the House of Commons, Daily Session 2015-01-05	2015-01-05	2015-01-05	Lower house	55					Reference	Regular	MP	CON	Conservative	Coalition	McLoughlin, Patrick	M	-
ParlaMint-GB_2015-01-05-commons.u202	Minutes of the House of Commons, Daily Session 2015-01-05	2015-01-05	2015-01-05	Lower house	55					Reference	Regular	MP	CON	Conservative	Coalition	Hollobone, Philip Thomas	M	-
ParlaMint-GB_2015-01-05-commons.u203	Minutes of the House of Commons, Daily Session 2015-01-05	2015-01-05	2015-01-05	Lower house	55					Reference	Regular	MP	CON	Conservative	Coalition	McLoughlin, Patrick	M	-
ParlaMint-GB_2015-01-05-commons.u204	Minutes of the House of Commons, Daily Session 2015-01-05	2015-01-05	2015-01-05	Lower house	55					Reference	Regular	MP	LAB	Labour	Opposition	Lucas, Ian Colin	M	-
ParlaMint-GB_2015-01-05-commons.u205	Minutes of the House of Commons, Daily Session 2015-01-05	2015-01-05	2015-01-05	Lower house	55					Reference	Regular	MP	CON	Conservative	Coalition	McLoughlin, Patrick	M	-
ParlaMint-GB_2015-01-05-commons.u206	Minutes of the House of Commons, Daily Session 2015-01-05	2015-01-05	2015-01-05	Lower house	55					Reference	Regular	MP	CON	Conservative	Coalition	Shelbrooke, Alec	M	-
ParlaMint-GB_2015-01-05-commons.u207	Minutes of the House of Commons, Daily Session 2015-01-05	2015-01-05	2015-01-05	Lower house	55					Reference	Regular	MP	CON	Conservative	Coalition	McLoughlin, Patrick	M	-
ParlaMint-GB_2015-01-05-commons.u208	Minutes of the House of Commons, Daily Session 2015-01-05	2015-01-05	2015-01-05	Lower house	55					Reference	Regular	MP	LAB	Labour	Opposition	Gardiner, Barry Strachan	M	-
ParlaMint-GB_2015-01-05-commons.u209	Minutes of the House of Commons, Daily Session 2015-01-05	2015-01-05	2015-01-05	Lower house	55					Reference	Regular	MP	CON	Conservative	Coalition	McLoughlin, Patrick	M	-
ParlaMint-GB_2015-01-05-commons.u210	Minutes of the House of Commons, Daily Session 2015-01-05	2015-01-05	2015-01-05	Lower house	55					Reference	Regular	MP	CON	Conservative	Coalition	Baldry, Anthony Brian	M	-
ParlaMint-GB_2015-01-05-commons.u211	Minutes of the House of Commons, Daily Session 2015-01-05	2015-01-05	2015-01-05	Lower house	55					Reference	Regular	MP	CON	Conservative	Coalition	McLoughlin, Patrick	M	-
ParlaMint-GB_2015-01-05-commons.u212	Minutes of the House of Commons, Daily Session 2015-01-05	2015-01-05	2015-01-05	Lower house	55					Reference	Regular	MP	LAB	Labour	Opposition	Gwynne, Andrew John	M	-
ParlaMint-GB_2015-01-05-commons.u213	Minutes of the House of Commons, Daily Session 2015-01-05	2015-01-05	2015-01-05	Lower house	55					Reference	Regular	MP	CON	Conservative	Coalition	McLoughlin, Patrick	M	-
ParlaMint-GB_2015-01-05-commons.u214	Minutes of the House of Commons, Daily Session 2015-01-05	2015-01-05	2015-01-05	Lower house	55					Reference	Regular	MP	CON	Conservative	Coalition	Jenkin, Bernard Christison	M	-
ParlaMint-GB_2015-01-05-commons.u215	Minutes of the House of Commons, Daily Session 2015-01-05	2015-01-05	2015-01-05	Lower house	55					Reference	Regular	MP	CON	Conservative	Coalition	McLoughlin, Patrick	M	-
ParlaMint-GB_2015-01-05-commons.u216	Minutes of the House of Commons, Daily Session 2015-01-05	2015-01-05	2015-01-05	Lower house	55					Reference	Regular	MP	UKIP	UK Independence Party	Opposition	Reckless, Mark	M	-
ParlaMint-GB_2015-01-05-commons.u217	Minutes of the House of Commons, Daily Session 2015-01-05	2015-01-05	2015-01-05	Lower house	55					Reference	Regular	MP	CON	Conservative	Coalition	McLoughlin, Patrick	M	-
ParlaMint-GB_2015-01-05-commons.u218	Minutes of the House of Commons, Daily Session 2015-01-05	2015-01-05	2015-01-05	Lower house	55					Reference	Regular	MP	CON	Conservative	Coalition	Burt, Alistair James Hendrie	M	-
ParlaMint-GB_2015-01-05-commons.u219	Minutes of the House of Commons, Daily Session 2015-01-05	2015-01-05	2015-01-05	Lower house	55					Reference	Regular	MP	CON	Conservative	Coalition	McLoughlin, Patrick	M	-
ParlaMint-GB_2015-01-05-commons.u220	Minutes of the House of Commons, Daily Session 2015-01-05	2015-01-05	2015-01-05	Lower house	55					Reference	Regular	MP	LAB	Labour	Opposition	Brennan, Kevin Denis	M	-
ParlaMint-GB_2015-01-05-commons.u221	Minutes of the House of Commons, Daily Session 2015-01-05	2015-01-05	2015-01-05	Lower house	55					Reference	Regular	MP	CON	Conservative	Coalition	McLoughlin, Patrick	M	-
ParlaMint-GB_2015-01-05-commons.u222	Minutes of the House of Commons, Daily Session 2015-01-05	2015-01-05	2015-01-05	Lower house	55					Reference	Regular	MP	CON	Conservative	Coalition	Colvile, Oliver Newton	M	-
ParlaMint-GB_2015-01-05-commons.u223	Minutes of the House of Commons, Daily Session 2015-01-05	2015-01-05	2015-01-05	Lower house	55					Reference	Regular	MP	CON	Conservative	Coalition	McLoughlin, Patrick	M	-
ParlaMint-GB_2015-01-05-commons.u224	Minutes of the House of Commons, Daily Session 2015-01-05	2015-01-05	2015-01-05	Lower house	55					Reference	Regular	MP	LAB	Labour	Opposition	Johnson, Diana Ruth	F	-
ParlaMint-GB_2015-01-05-commons.u225	Minutes of the House of Commons, Daily Session 2015-01-05	2015-01-05	2015-01-05	Lower house	55					Reference	Regular	MP	CON	Conservative	Coalition	McLoughlin, Patrick	M	-
ParlaMint-GB_2015-01-05-commons.u226	Minutes of the House of Commons, Daily Session 2015-01-05	2015-01-05	2015-01-05	Lower house	55					Reference	Regular	MP	CON	Conservative	Coalition	Blackman, Robert John	M	-
ParlaMint-GB_2015-01-05-commons.u227	Minutes of the House of Commons, Daily Session 2015-01-05	2015-01-05	2015-01-05	Lower house	55					Reference	Regular	MP	CON	Conservative	Coalition	McLoughlin, Patrick	M	-
ParlaMint-GB_2015-01-05-commons.u228	Minutes of the House of Commons, Daily Session 2015-01-05	2015-01-05	2015-01-05	Lower house	55					Reference	Regular	MP	LAB	Labour	Opposition	Dakin, Nicholas	M	-
ParlaMint-GB_2015-01-05-commons.u229	Minutes of the House of Commons, Daily Session 2015-01-05	2015-01-05	2015-01-05	Lower house	55					Reference	Regular	MP	CON	Conservative	Coalition	McLoughlin, Patrick	M	-
ParlaMint-GB_2015-01-05-commons.u230	Minutes of the House of Commons, Daily Session 2015-01-05	2015-01-05	2015-01-05	Lower house	55					Reference	Regular	MP	CON	Conservative	Coalition	Lefroy, Jeremy John Elton	M	-
ParlaMint-GB_2015-01-05-commons.u231	Minutes of the House of Commons, Daily Session 2015-01-05	2015-01-05	2015-01-05	Lower house	55					Reference	Regular	MP	CON	Conservative	Coalition	McLoughlin, Patrick	M	-
ParlaMint-GB_2015-01-05-commons.u232	Minutes of the House of Commons, Daily Session 2015-01-05	2015-01-05	2015-01-05	Lower house	55					Reference	Regular	MP	LAB	Labour	Opposition	Fitzpatrick, James	M	-
ParlaMint-GB_2015-01-05-commons.u233	Minutes of the House of Commons, Daily Session 2015-01-05	2015-01-05	2015-01-05	Lower house	55					Reference	Regular	MP	CON	Conservative	Coalition	McLoughlin, Patrick	M	-
ParlaMint-GB_2015-01-05-commons.u234	Minutes of the House of Commons, Daily Session 2015-01-05	2015-01-05	2015-01-05	Lower house	55					Reference	Regular	MP	CON	Conservative	Coalition	Elphicke, Brett Charles Anthony	M	-
ParlaMint-GB_2015-01-05-commons.u235	Minutes of the House of Commons, Daily Session 2015-01-05	2015-01-05	2015-01-05	Lower house	55					Reference	Regular	MP	CON	Conservative	Coalition	McLoughlin, Patrick	M	-
ParlaMint-GB_2015-01-05-commons.u236	Minutes of the House of Commons, Daily Session 2015-01-05	2015-01-05	2015-01-05	Lower house	55					Reference	Regular	MP	LAB	Labour	Opposition	McCarthy, Kerry Gillian	F	-
ParlaMint-GB_2015-01-05-commons.u237	Minutes of the House of Commons, Daily Session 2015-01-05	2015-01-05	2015-01-05	Lower house	55					Reference	Regular	MP	CON	Conservative	Coalition	McLoughlin, Patrick	M	-
ParlaMint-GB_2015-01-05-commons.u238	Minutes of the House of Commons, Daily Session 2015-01-05	2015-01-05	2015-01-05	Lower house	55					Reference	Regular	MP	CON	Conservative	Coalition	Hunt, Jeremy Richard Streynsham	M	-
ParlaMint-GB_2015-01-05-commons.u239	Minutes of the House of Commons, Daily Session 2015-01-05	2015-01-05	2015-01-05	Lower house	55					Reference	Regular	MP	LAB	Labour	Opposition	Burnham, Andrew Murray	M	-
ParlaMint-GB_2015-01-05-commons.u240	Minutes of the House of Commons, Daily Session 2015-01-05	2015-01-05	2015-01-05	Lower house	55					Reference	Regular	MP	CON	Conservative	Coalition	Hunt, Jeremy Richard Streynsham	M	-
ParlaMint-GB_2015-01-05-commons.u241	Minutes of the House of Commons, Daily Session 2015-01-05	2015-01-05	2015-01-05	Lower house	55					Reference	Regular	MP	CON	Conservative	Coalition	James (Wollaston), Sarah	F	-
ParlaMint-GB_2015-01-05-commons.u242	Minutes of the House of Commons, Daily Session 2015-01-05	2015-01-05	2015-01-05	Lower house	55					Reference	Regular	MP	CON	Conservative	Coalition	Hunt, Jeremy Richard Streynsham	M	-
ParlaMint-GB_2015-01-05-commons.u243	Minutes of the House of Commons, Daily Session 2015-01-05	2015-01-05	2015-01-05	Lower house	55					Reference	Regular	MP	LAB	Labour	Opposition	Greatrex, Tom	M	-
ParlaMint-GB_2015-01-05-commons.u244	Minutes of the House of Commons, Daily Session 2015-01-05	2015-01-05	2015-01-05	Lower house	55					Reference	Regular	MP	CON	Conservative	Coalition	Hunt, Jeremy Richard Streynsham	M	-
ParlaMint-GB_2015-01-05-commons.u245	Minutes of the House of Commons, Daily Session 2015-01-05	2015-01-05	2015-01-05	Lower house	55					Reference	Regular	MP	LD	Liberal Democrat	Coalition	Heath, David William St John	M	-
ParlaMint-GB_2015-01-05-commons.u246	Minutes of the House of Commons, Daily Session 2015-01-05	2015-01-05	2015-01-05	Lower house	55					Reference	Regular	MP	CON	Conservative	Coalition	Hunt, Jeremy Richard Streynsham	M	-
ParlaMint-GB_2015-01-05-commons.u247	Minutes of the House of Commons, Daily Session 2015-01-05	2015-01-05	2015-01-05	Lower house	55					Reference	Regular	MP	LAB	Labour	Opposition	Dobson, Frank Gordon	M	-
ParlaMint-GB_2015-01-05-commons.u248	Minutes of the House of Commons, Daily Session 2015-01-05	2015-01-05	2015-01-05	Lower house	55					Reference	Regular	MP	CON	Conservative	Coalition	Hunt, Jeremy Richard Streynsham	M	-
ParlaMint-GB_2015-01-05-commons.u249	Minutes of the House of Commons, Daily Session 2015-01-05	2015-01-05	2015-01-05	Lower house	55					Reference	Regular	MP	CON	Conservative	Coalition	Newton, Sarah Louise	F	-
ParlaMint-GB_2015-01-05-commons.u250	Minutes of the House of Commons, Daily Session 2015-01-05	2015-01-05	2015-01-05	Lower house	55					Reference	Regular	MP	CON	Conservative	Coalition	Hunt, Jeremy Richard Streynsham	M	-
ParlaMint-GB_2015-01-05-commons.u251	Minutes of the House of Commons, Daily Session 2015-01-05	2015-01-05	2015-01-05	Lower house	55					Reference	Regular	MP	LAB	Labour	Opposition	Hain, Peter	M	-
ParlaMint-GB_2015-01-05-commons.u252	Minutes of the House of Commons, Daily Session 2015-01-05	2015-01-05	2015-01-05	Lower house	55					Reference	Regular	MP	CON	Conservative	Coalition	Hunt, Jeremy Richard Streynsham	M	-
ParlaMint-GB_2015-01-05-commons.u253	Minutes of the House of Commons, Daily Session 2015-01-05	2015-01-05	2015-01-05	Lower house	55					Reference	Regular	MP	CON	Conservative	Coalition	Bridgen, Andrew James	M	-
ParlaMint-GB_2015-01-05-commons.u254	Minutes of the House of Commons, Daily Session 2015-01-05	2015-01-05	2015-01-05	Lower house	55					Reference	Regular	MP	CON	Conservative	Coalition	Hunt, Jeremy Richard Streynsham	M	-
ParlaMint-GB_2015-01-05-commons.u255	Minutes of the House of Commons, Daily Session 2015-01-05	2015-01-05	2015-01-05	Lower house	55					Reference	Regular	MP	LAB	Labour	Opposition	Jackson, Glenda May	F	-
ParlaMint-GB_2015-01-05-commons.u256	Minutes of the House of Commons, Daily Session 2015-01-05	2015-01-05	2015-01-05	Lower house	55					Reference	Regular	MP	CON	Conservative	Coalition	Hunt, Jeremy Richard Streynsham	M	-
ParlaMint-GB_2015-01-05-commons.u257	Minutes of the House of Commons, Daily Session 2015-01-05	2015-01-05	2015-01-05	Lower house	55					Reference	Regular	MP	CON	Conservative	Coalition	Hollobone, Philip Thomas	M	-
ParlaMint-GB_2015-01-05-commons.u258	Minutes of the House of Commons, Daily Session 2015-01-05	2015-01-05	2015-01-05	Lower house	55					Reference	Regular	MP	CON	Conservative	Coalition	Hunt, Jeremy Richard Streynsham	M	-
ParlaMint-GB_2015-01-05-commons.u259	Minutes of the House of Commons, Daily Session 2015-01-05	2015-01-05	2015-01-05	Lower house	55					Reference	Regular	MP	LAB	Labour	Opposition	Vaz, Keith Anthony	M	-
ParlaMint-GB_2015-01-05-commons.u260	Minutes of the House of Commons, Daily Session 2015-01-05	2015-01-05	2015-01-05	Lower house	55					Reference	Regular	MP	CON	Conservative	Coalition	Hunt, Jeremy Richard Streynsham	M	-
ParlaMint-GB_2015-01-05-commons.u261	Minutes of the House of Commons, Daily Session 2015-01-05	2015-01-05	2015-01-05	Lower house	55					Reference	Regular	MP	CON	Conservative	Coalition	Lefroy, Jeremy John Elton	M	-
ParlaMint-GB_2015-01-05-commons.u262	Minutes of the House of Commons, Daily Session 2015-01-05	2015-01-05	2015-01-05	Lower house	55					Reference	Regular	MP	CON	Conservative	Coalition	Hunt, Jeremy Richard Streynsham	M	-
ParlaMint-GB_2015-01-05-commons.u263	Minutes of the House of Commons, Daily Session 2015-01-05	2015-01-05	2015-01-05	Lower house	55					Reference	Regular	MP	LAB	Labour	Opposition	Stuart, Gisela	F	-
ParlaMint-GB_2015-01-05-commons.u264	Minutes of the House of Commons, Daily Session 2015-01-05	2015-01-05	2015-01-05	Lower house	55					Reference	Regular	MP	CON	Conservative	Coalition	Hunt, Jeremy Richard Streynsham	M	-
ParlaMint-GB_2015-01-05-commons.u265	Minutes of the House of Commons, Daily Session 2015-01-05	2015-01-05	2015-01-05	Lower house	55					Reference	Regular	MP	LD	Liberal Democrat	Coalition	Horwood, Martin Charles	M	-
ParlaMint-GB_2015-01-05-commons.u266	Minutes of the House of Commons, Daily Session 2015-01-05	2015-01-05	2015-01-05	Lower house	55					Reference	Regular	MP	CON	Conservative	Coalition	Hunt, Jeremy Richard Streynsham	M	-
ParlaMint-GB_2015-01-05-commons.u267	Minutes of the House of Commons, Daily Session 2015-01-05	2015-01-05	2015-01-05	Lower house	55					Reference	Regular	MP	LAB	Labour	Opposition	Roy, Frank	M	-
ParlaMint-GB_2015-01-05-commons.u268	Minutes of the House of Commons, Daily Session 2015-01-05	2015-01-05	2015-01-05	Lower house	55					Reference	Regular	MP	CON	Conservative	Coalition	Hunt, Jeremy Richard Streynsham	M	-
ParlaMint-GB_2015-01-05-commons.u269	Minutes of the House of Commons, Daily Session 2015-01-05	2015-01-05	2015-01-05	Lower house	55					Reference	Regular	MP	CON	Conservative	Coalition	James, Margot Cathleen	F	-
ParlaMint-GB_2015-01-05-commons.u270	Minutes of the House of Commons, Daily Session 2015-01-05	2015-01-05	2015-01-05	Lower house	55					Reference	Regular	MP	CON	Conservative	Coalition	Hunt, Jeremy Richard Streynsham	M	-
ParlaMint-GB_2015-01-05-commons.u271	Minutes of the House of Commons, Daily Session 2015-01-05	2015-01-05	2015-01-05	Lower house	55					Reference	Regular	MP	SNP	Scottish National Party	Opposition	Hosie, Stewart	M	-
ParlaMint-GB_2015-01-05-commons.u272	Minutes of the House of Commons, Daily Session 2015-01-05	2015-01-05	2015-01-05	Lower house	55					Reference	Regular	MP	CON	Conservative	Coalition	Hunt, Jeremy Richard Streynsham	M	-
ParlaMint-GB_2015-01-05-commons.u273	Minutes of the House of Commons, Daily Session 2015-01-05	2015-01-05	2015-01-05	Lower house	55					Reference	Regular	MP	LAB	Labour	Opposition	Abbott, Diane Julie	F	-
ParlaMint-GB_2015-01-05-commons.u274	Minutes of the House of Commons, Daily Session 2015-01-05	2015-01-05	2015-01-05	Lower house	55					Reference	Regular	MP	CON	Conservative	Coalition	Hunt, Jeremy Richard Streynsham	M	-
ParlaMint-GB_2015-01-05-commons.u275	Minutes of the House of Commons, Daily Session 2015-01-05	2015-01-05	2015-01-05	Lower house	55					Reference	Regular	MP	LAB	Labour	Opposition	Gardiner, Barry Strachan	M	-
ParlaMint-GB_2015-01-05-commons.u276	Minutes of the House of Commons, Daily Session 2015-01-05	2015-01-05	2015-01-05	Lower house	55					Reference	Regular	MP	CON	Conservative	Coalition	Hunt, Jeremy Richard Streynsham	M	-
ParlaMint-GB_2015-01-05-commons.u277	Minutes of the House of Commons, Daily Session 2015-01-05	2015-01-05	2015-01-05	Lower house	55					Reference	Regular	MP	LAB	Labour	Opposition	Brown, Russell Leslie	M	-
ParlaMint-GB_2015-01-05-commons.u278	Minutes of the House of Commons, Daily Session 2015-01-05	2015-01-05	2015-01-05	Lower house	55					Reference	Regular	MP	CON	Conservative	Coalition	Hunt, Jeremy Richard Streynsham	M	-
ParlaMint-GB_2015-01-05-commons.u279	Minutes of the House of Commons, Daily Session 2015-01-05	2015-01-05	2015-01-05	Lower house	55					Reference	Regular	MP	LAB	Labour	Opposition	Brown, Russell Leslie	M	-
ParlaMint-GB_2015-01-05-commons.u280	Minutes of the House of Commons, Daily Session 2015-01-05	2015-01-05	2015-01-05	Lower house	55					Reference	Regular	MP	CON	Conservative	Coalition	Hunt, Jeremy Richard Streynsham	M	-
ParlaMint-GB_2015-01-05-commons.u281	Minutes of the House of Commons, Daily Session 2015-01-05	2015-01-05	2015-01-05	Lower house	55					Reference	Regular	MP	LAB	Labour	Opposition	Ellman, Louise Joyce	F	-
ParlaMint-GB_2015-01-05-commons.u282	Minutes of the House of Commons, Daily Session 2015-01-05	2015-01-05	2015-01-05	Lower house	55					Reference	Regular	MP	CON	Conservative	Coalition	Hunt, Jeremy Richard Streynsham	M	-
ParlaMint-GB_2015-01-05-commons.u283	Minutes of the House of Commons, Daily Session 2015-01-05	2015-01-05	2015-01-05	Lower house	55					Reference	Regular	MP	LAB	Labour	Opposition	Jarvis, Daniel Owen	M	-
ParlaMint-GB_2015-01-05-commons.u284	Minutes of the House of Commons, Daily Session 2015-01-05	2015-01-05	2015-01-05	Lower house	55					Reference	Regular	MP	LAB	Labour	Opposition	Donohoe, Brian Harold	M	-
ParlaMint-GB_2015-01-05-commons.u285	Minutes of the House of Commons, Daily Session 2015-01-05	2015-01-05	2015-01-05	Lower house	55					Reference	Chairperson	MP	CON	Conservative	Coalition	Bercow, John Simon	M	-
ParlaMint-GB_2015-01-05-commons.u286	Minutes of the House of Commons, Daily Session 2015-01-05	2015-01-05	2015-01-05	Lower house	55					Reference	Regular	MP	LAB	Labour	Opposition	Jarvis, Daniel Owen	M	-
ParlaMint-GB_2015-01-05-commons.u287	Minutes of the House of Commons, Daily Session 2015-01-05	2015-01-05	2015-01-05	Lower house	55					Reference	Chairperson	MP	CON	Conservative	Coalition	Bercow, John Simon	M	-
ParlaMint-GB_2015-01-05-commons.u288	Minutes of the House of Commons, Daily Session 2015-01-05	2015-01-05	2015-01-05	Lower house	55					Reference	Regular	MP	LAB	Labour	Opposition	Donohoe, Brian Harold	M	-
ParlaMint-GB_2015-01-05-commons.u289	Minutes of the House of Commons, Daily Session 2015-01-05	2015-01-05	2015-01-05	Lower house	55					Reference	Chairperson	MP	CON	Conservative	Coalition	Bercow, John Simon	M	-
ParlaMint-GB_2015-01-05-commons.u290	Minutes of the House of Commons, Daily Session 2015-01-05	2015-01-05	2015-01-05	Lower house	55					Reference	Regular	MP	LAB	Labour	Opposition	Donohoe, Brian Harold	M	-
ParlaMint-GB_2015-01-05-commons.u291	Minutes of the House of Commons, Daily Session 2015-01-05	2015-01-05	2015-01-05	Lower house	55					Reference	Chairperson	MP	CON	Conservative	Coalition	Bercow, John Simon	M	-
ParlaMint-GB_2015-01-05-commons.u292	Minutes of the House of Commons, Daily Session 2015-01-05	2015-01-05	2015-01-05	Lower house	55					Reference	Regular	MP	CON	Conservative	Coalition	May, Theresa Mary	F	-
ParlaMint-GB_2015-01-05-commons.u293	Minutes of the House of Commons, Daily Session 2015-01-05	2015-01-05	2015-01-05	Lower house	55					Reference	Regular	MP	LAB	Labour	Opposition	Vaz, Keith Anthony	M	-
ParlaMint-GB_2015-01-05-commons.u294	Minutes of the House of Commons, Daily Session 2015-01-05	2015-01-05	2015-01-05	Lower house	55					Reference	Regular	MP	CON	Conservative	Coalition	May, Theresa Mary	F	-
ParlaMint-GB_2015-01-05-commons.u295	Minutes of the House of Commons, Daily Session 2015-01-05	2015-01-05	2015-01-05	Lower house	55					Reference	Regular	MP	PC	Plaid Cymru	Opposition	Llwyd, Elfyn	M	-
ParlaMint-GB_2015-01-05-commons.u296	Minutes of the House of Commons, Daily Session 2015-01-05	2015-01-05	2015-01-05	Lower house	55					Reference	Regular	MP	CON	Conservative	Coalition	May, Theresa Mary	F	-
ParlaMint-GB_2015-01-05-commons.u297	Minutes of the House of Commons, Daily Session 2015-01-05	2015-01-05	2015-01-05	Lower house	55					Reference	Regular	MP	CON	Conservative	Coalition	Burrowes, David John Barrington	M	-
ParlaMint-GB_2015-01-05-commons.u298	Minutes of the House of Commons, Daily Session 2015-01-05	2015-01-05	2015-01-05	Lower house	55					Reference	Regular	MP	CON	Conservative	Coalition	May, Theresa Mary	F	-
ParlaMint-GB_2015-01-05-commons.u299	Minutes of the House of Commons, Daily Session 2015-01-05	2015-01-05	2015-01-05	Lower house	55					Reference	Regular	MP	LAB	Labour	Opposition	Cooper, Yvette	F	-
ParlaMint-GB_2015-01-05-commons.u300	Minutes of the House of Commons, Daily Session 2015-01-05	2015-01-05	2015-01-05	Lower house	55					Reference	Regular	MP	CON	Conservative	Coalition	Johnson, Gareth Alan	M	-
ParlaMint-GB_2015-01-05-commons.u301	Minutes of the House of Commons, Daily Session 2015-01-05	2015-01-05	2015-01-05	Lower house	55					Reference	Regular	MP	CON	Conservative	Coalition	May, Theresa Mary	F	-
ParlaMint-GB_2015-01-05-commons.u302	Minutes of the House of Commons, Daily Session 2015-01-05	2015-01-05	2015-01-05	Lower house	55					Reference	Regular	MP	LAB	Labour	Opposition	Cooper, Yvette	F	-
ParlaMint-GB_2015-01-05-commons.u303	Minutes of the House of Commons, Daily Session 2015-01-05	2015-01-05	2015-01-05	Lower house	55					Reference	Regular	MP	CON	Conservative	Coalition	May, Theresa Mary	F	-
ParlaMint-GB_2015-01-05-commons.u304	Minutes of the House of Commons, Daily Session 2015-01-05	2015-01-05	2015-01-05	Lower house	55					Reference	Regular	MP	LAB	Labour	Opposition	Cooper, Yvette	F	-
ParlaMint-GB_2015-01-05-commons.u305	Minutes of the House of Commons, Daily Session 2015-01-05	2015-01-05	2015-01-05	Lower house	55					Reference	Regular	MP	CON	Conservative	Coalition	May, Theresa Mary	F	-
ParlaMint-GB_2015-01-05-commons.u306	Minutes of the House of Commons, Daily Session 2015-01-05	2015-01-05	2015-01-05	Lower house	55					Reference	Regular	MP	CON	Conservative	Coalition	Johnson, Gareth Alan	M	-
ParlaMint-GB_2015-01-05-commons.u307	Minutes of the House of Commons, Daily Session 2015-01-05	2015-01-05	2015-01-05	Lower house	55					Reference	Regular	MP	CON	Conservative	Coalition	May, Theresa Mary	F	-
ParlaMint-GB_2015-01-05-commons.u308	Minutes of the House of Commons, Daily Session 2015-01-05	2015-01-05	2015-01-05	Lower house	55					Reference	Regular	MP	CON	Conservative	Coalition	Ellis, Michael Tyrone	M	-
ParlaMint-GB_2015-01-05-commons.u309	Minutes of the House of Commons, Daily Session 2015-01-05	2015-01-05	2015-01-05	Lower house	55					Reference	Regular	MP	CON	Conservative	Coalition	May, Theresa Mary	F	-
ParlaMint-GB_2015-01-05-commons.u310	Minutes of the House of Commons, Daily Session 2015-01-05	2015-01-05	2015-01-05	Lower house	55					Reference	Regular	MP	CON	Conservative	Coalition	Miller, Maria Frances Lewis	F	-
ParlaMint-GB_2015-01-05-commons.u311	Minutes of the House of Commons, Daily Session 2015-01-05	2015-01-05	2015-01-05	Lower house	55					Reference	Regular	MP	CON	Conservative	Coalition	May, Theresa Mary	F	-
ParlaMint-GB_2015-01-05-commons.u312	Minutes of the House of Commons, Daily Session 2015-01-05	2015-01-05	2015-01-05	Lower house	55					Reference	Regular	MP	LAB	Labour	Opposition	Cooper, Yvette	F	-
ParlaMint-GB_2015-01-05-commons.u313	Minutes of the House of Commons, Daily Session 2015-01-05	2015-01-05	2015-01-05	Lower house	55					Reference	Regular	MP	CON	Conservative	Coalition	May, Theresa Mary	F	-
ParlaMint-GB_2015-01-05-commons.u314	Minutes of the House of Commons, Daily Session 2015-01-05	2015-01-05	2015-01-05	Lower house	55					Reference	Regular	MP	CON	Conservative	Coalition	Burrowes, David John Barrington	M	-
ParlaMint-GB_2015-01-05-commons.u315	Minutes of the House of Commons, Daily Session 2015-01-05	2015-01-05	2015-01-05	Lower house	55					Reference	Regular	MP	CON	Conservative	Coalition	May, Theresa Mary	F	-
ParlaMint-GB_2015-01-05-commons.u316	Minutes of the House of Commons, Daily Session 2015-01-05	2015-01-05	2015-01-05	Lower house	55					Reference	Regular	MP	LAB	Labour	Opposition	Munn, Margaret Patricia	F	-
ParlaMint-GB_2015-01-05-commons.u317	Minutes of the House of Commons, Daily Session 2015-01-05	2015-01-05	2015-01-05	Lower house	55					Reference	Regular	MP	CON	Conservative	Coalition	May, Theresa Mary	F	-
ParlaMint-GB_2015-01-05-commons.u318	Minutes of the House of Commons, Daily Session 2015-01-05	2015-01-05	2015-01-05	Lower house	55					Reference	Regular	MP	LAB	Labour	Opposition	Mactaggart, Fiona Margaret	F	-
ParlaMint-GB_2015-01-05-commons.u319	Minutes of the House of Commons, Daily Session 2015-01-05	2015-01-05	2015-01-05	Lower house	55					Reference	Regular	MP	CON	Conservative	Coalition	May, Theresa Mary	F	-
ParlaMint-GB_2015-01-05-commons.u320	Minutes of the House of Commons, Daily Session 2015-01-05	2015-01-05	2015-01-05	Lower house	55					Reference	Regular	MP	CON	Conservative	Coalition	Cash, William Nigel Paul	M	-
ParlaMint-GB_2015-01-05-commons.u321	Minutes of the House of Commons, Daily Session 2015-01-05	2015-01-05	2015-01-05	Lower house	55					Reference	Regular	MP	CON	Conservative	Coalition	May, Theresa Mary	F	-
ParlaMint-GB_2015-01-05-commons.u322	Minutes of the House of Commons, Daily Session 2015-01-05	2015-01-05	2015-01-05	Lower house	55					Reference	Regular	MP	LAB	Labour	Opposition	Mactaggart, Fiona Margaret	F	-
ParlaMint-GB_2015-01-05-commons.u323	Minutes of the House of Commons, Daily Session 2015-01-05	2015-01-05	2015-01-05	Lower house	55					Reference	Regular	MP	CON	Conservative	Coalition	May, Theresa Mary	F	-
ParlaMint-GB_2015-01-05-commons.u324	Minutes of the House of Commons, Daily Session 2015-01-05	2015-01-05	2015-01-05	Lower house	55					Reference	Regular	MP	CON	Conservative	Coalition	Cash, William Nigel Paul	M	-
ParlaMint-GB_2015-01-05-commons.u325	Minutes of the House of Commons, Daily Session 2015-01-05	2015-01-05	2015-01-05	Lower house	55					Reference	Regular	MP	CON	Conservative	Coalition	May, Theresa Mary	F	-
ParlaMint-GB_2015-01-05-commons.u326	Minutes of the House of Commons, Daily Session 2015-01-05	2015-01-05	2015-01-05	Lower house	55					Reference	Regular	MP	PC	Plaid Cymru	Opposition	Llwyd, Elfyn	M	-
ParlaMint-GB_2015-01-05-commons.u327	Minutes of the House of Commons, Daily Session 2015-01-05	2015-01-05	2015-01-05	Lower house	55					Reference	Regular	MP	CON	Conservative	Coalition	May, Theresa Mary	F	-
ParlaMint-GB_2015-01-05-commons.u328	Minutes of the House of Commons, Daily Session 2015-01-05	2015-01-05	2015-01-05	Lower house	55					Reference	Regular	MP	PC	Plaid Cymru	Opposition	Llwyd, Elfyn	M	-
ParlaMint-GB_2015-01-05-commons.u329	Minutes of the House of Commons, Daily Session 2015-01-05	2015-01-05	2015-01-05	Lower house	55					Reference	Regular	MP	CON	Conservative	Coalition	May, Theresa Mary	F	-
ParlaMint-GB_2015-01-05-commons.u330	Minutes of the House of Commons, Daily Session 2015-01-05	2015-01-05	2015-01-05	Lower house	55					Reference	Regular	MP	LD	Liberal Democrat	Coalition	Beith, Alan	M	-
ParlaMint-GB_2015-01-05-commons.u331	Minutes of the House of Commons, Daily Session 2015-01-05	2015-01-05	2015-01-05	Lower house	55					Reference	Regular	MP	CON	Conservative	Coalition	May, Theresa Mary	F	-
ParlaMint-GB_2015-01-05-commons.u332	Minutes of the House of Commons, Daily Session 2015-01-05	2015-01-05	2015-01-05	Lower house	55					Reference	Regular	MP	LAB	Labour	Opposition	Cooper, Yvette	F	-
ParlaMint-GB_2015-01-05-commons.u333	Minutes of the House of Commons, Daily Session 2015-01-05	2015-01-05	2015-01-05	Lower house	55					Reference	Regular	MP	CON	Conservative	Coalition	Barclay, Stephen Paul	M	-
ParlaMint-GB_2015-01-05-commons.u334	Minutes of the House of Commons, Daily Session 2015-01-05	2015-01-05	2015-01-05	Lower house	55					Reference	Regular	MP	LAB	Labour	Opposition	Cooper, Yvette	F	-
ParlaMint-GB_2015-01-05-commons.u335	Minutes of the House of Commons, Daily Session 2015-01-05	2015-01-05	2015-01-05	Lower house	55					Reference	Regular	MP	DUP	Democratic Unionist Party	Opposition	Paisley, Ian Richard Kyle	M	-
ParlaMint-GB_2015-01-05-commons.u336	Minutes of the House of Commons, Daily Session 2015-01-05	2015-01-05	2015-01-05	Lower house	55					Reference	Regular	MP	LAB	Labour	Opposition	Cooper, Yvette	F	-
ParlaMint-GB_2015-01-05-commons.u337	Minutes of the House of Commons, Daily Session 2015-01-05	2015-01-05	2015-01-05	Lower house	55					Reference	Regular	MP	LAB	Labour	Opposition	Vaz, Keith Anthony	M	-
ParlaMint-GB_2015-01-05-commons.u338	Minutes of the House of Commons, Daily Session 2015-01-05	2015-01-05	2015-01-05	Lower house	55					Reference	Regular	MP	LAB	Labour	Opposition	Cooper, Yvette	F	-
ParlaMint-GB_2015-01-05-commons.u339	Minutes of the House of Commons, Daily Session 2015-01-05	2015-01-05	2015-01-05	Lower house	55					Reference	Regular	MP	CON	Conservative	Coalition	Cash, William Nigel Paul	M	-
ParlaMint-GB_2015-01-05-commons.u340	Minutes of the House of Commons, Daily Session 2015-01-05	2015-01-05	2015-01-05	Lower house	55					Reference	Regular	MP	LAB	Labour	Opposition	Cooper, Yvette	F	-
ParlaMint-GB_2015-01-05-commons.u341	Minutes of the House of Commons, Daily Session 2015-01-05	2015-01-05	2015-01-05	Lower house	55					Reference	Regular	MP	CON	Conservative	Coalition	Beresford, Alexander Paul	M	-
ParlaMint-GB_2015-01-05-commons.u342	Minutes of the House of Commons, Daily Session 2015-01-05	2015-01-05	2015-01-05	Lower house	55					Reference	Regular	MP	LAB	Labour	Opposition	Cooper, Yvette	F	-
ParlaMint-GB_2015-01-05-commons.u343	Minutes of the House of Commons, Daily Session 2015-01-05	2015-01-05	2015-01-05	Lower house	55					Reference	Regular	MP	CON	Conservative	Coalition	Beresford, Alexander Paul	M	-
ParlaMint-GB_2015-01-05-commons.u344	Minutes of the House of Commons, Daily Session 2015-01-05	2015-01-05	2015-01-05	Lower house	55					Reference	Regular	MP	LAB	Labour	Opposition	Cooper, Yvette	F	-
ParlaMint-GB_2015-01-05-commons.u345	Minutes of the House of Commons, Daily Session 2015-01-05	2015-01-05	2015-01-05	Lower house	55					Reference	Regular	MP	LAB	Labour	Opposition	Champion, Sarah Deborah	F	-
ParlaMint-GB_2015-01-05-commons.u346	Minutes of the House of Commons, Daily Session 2015-01-05	2015-01-05	2015-01-05	Lower house	55					Reference	Regular	MP	LAB	Labour	Opposition	Cooper, Yvette	F	-
ParlaMint-GB_2015-01-05-commons.u347	Minutes of the House of Commons, Daily Session 2015-01-05	2015-01-05	2015-01-05	Lower house	55					Reference	Regular	MP	CON	Conservative	Coalition	Hammond, Stephen William	M	-
ParlaMint-GB_2015-01-05-commons.u348	Minutes of the House of Commons, Daily Session 2015-01-05	2015-01-05	2015-01-05	Lower house	55					Reference	Regular	MP	CON	Conservative	Coalition	Barclay, Stephen Paul	M	-
ParlaMint-GB_2015-01-05-commons.u349	Minutes of the House of Commons, Daily Session 2015-01-05	2015-01-05	2015-01-05	Lower house	55					Reference	Regular	MP	CON	Conservative	Coalition	Hammond, Stephen William	M	-
ParlaMint-GB_2015-01-05-commons.u350	Minutes of the House of Commons, Daily Session 2015-01-05	2015-01-05	2015-01-05	Lower house	55					Reference	Regular	MP	CON	Conservative	Coalition	Miller, Maria Frances Lewis	F	-
ParlaMint-GB_2015-01-05-commons.u351	Minutes of the House of Commons, Daily Session 2015-01-05	2015-01-05	2015-01-05	Lower house	55					Reference	Regular	MP	CON	Conservative	Coalition	Hammond, Stephen William	M	-
ParlaMint-GB_2015-01-05-commons.u352	Minutes of the House of Commons, Daily Session 2015-01-05	2015-01-05	2015-01-05	Lower house	55					Reference	Regular	MP	LAB	Labour	Opposition	Vaz, Keith Anthony	M	-
ParlaMint-GB_2015-01-05-commons.u353	Minutes of the House of Commons, Daily Session 2015-01-05	2015-01-05	2015-01-05	Lower house	55					Reference	Regular	MP	CON	Conservative	Coalition	Hammond, Stephen William	M	-
ParlaMint-GB_2015-01-05-commons.u354	Minutes of the House of Commons, Daily Session 2015-01-05	2015-01-05	2015-01-05	Lower house	55					Reference	Regular	MP	LAB	Labour	Opposition	Vaz, Keith Anthony	M	-
ParlaMint-GB_2015-01-05-commons.u355	Minutes of the House of Commons, Daily Session 2015-01-05	2015-01-05	2015-01-05	Lower house	55					Reference	Regular	MP	PC	Plaid Cymru	Opposition	Llwyd, Elfyn	M	-
ParlaMint-GB_2015-01-05-commons.u356	Minutes of the House of Commons, Daily Session 2015-01-05	2015-01-05	2015-01-05	Lower house	55					Reference	Regular	MP	LAB	Labour	Opposition	Vaz, Keith Anthony	M	-
ParlaMint-GB_2015-01-05-commons.u357	Minutes of the House of Commons, Daily Session 2015-01-05	2015-01-05	2015-01-05	Lower house	55					Reference	Regular	MP	CON	Conservative	Coalition	Paice, James Edward Thornton	M	-
ParlaMint-GB_2015-01-05-commons.u358	Minutes of the House of Commons, Daily Session 2015-01-05	2015-01-05	2015-01-05	Lower house	55					Reference	Regular	MP	LAB	Labour	Opposition	Vaz, Keith Anthony	M	-
ParlaMint-GB_2015-01-05-commons.u359	Minutes of the House of Commons, Daily Session 2015-01-05	2015-01-05	2015-01-05	Lower house	55					Reference	Regular	MP	CON	Conservative	Coalition	Paice, James Edward Thornton	M	-
ParlaMint-GB_2015-01-05-commons.u360	Minutes of the House of Commons, Daily Session 2015-01-05	2015-01-05	2015-01-05	Lower house	55					Reference	Regular	MP	LAB	Labour	Opposition	Coffey, Ann	F	-
ParlaMint-GB_2015-01-05-commons.u361	Minutes of the House of Commons, Daily Session 2015-01-05	2015-01-05	2015-01-05	Lower house	55					Reference	Regular	MP	LD	Liberal Democrat	Coalition	Williams, Mark Fraser	M	-
ParlaMint-GB_2015-01-05-commons.u362	Minutes of the House of Commons, Daily Session 2015-01-05	2015-01-05	2015-01-05	Lower house	55					Reference	Regular	MP	LAB	Labour	Opposition	McCabe, Stephen James	M	-
ParlaMint-GB_2015-01-05-commons.u363	Minutes of the House of Commons, Daily Session 2015-01-05	2015-01-05	2015-01-05	Lower house	55					Reference	Regular	MP	LD	Liberal Democrat	Coalition	Williams, Mark Fraser	M	-
ParlaMint-GB_2015-01-05-commons.u364	Minutes of the House of Commons, Daily Session 2015-01-05	2015-01-05	2015-01-05	Lower house	55					Reference	Regular	MP	PC	Plaid Cymru	Opposition	Llwyd, Elfyn	M	-
ParlaMint-GB_2015-01-05-commons.u365	Minutes of the House of Commons, Daily Session 2015-01-05	2015-01-05	2015-01-05	Lower house	55					Reference	Regular	MP	CON	Conservative	Coalition	Beresford, Alexander Paul	M	-
ParlaMint-GB_2015-01-05-commons.u366	Minutes of the House of Commons, Daily Session 2015-01-05	2015-01-05	2015-01-05	Lower house	55					Reference	Regular	MP	LAB	Labour	Opposition	Champion, Sarah Deborah	F	-
ParlaMint-GB_2015-01-05-commons.u367	Minutes of the House of Commons, Daily Session 2015-01-05	2015-01-05	2015-01-05	Lower house	55					Reference	Regular	MP	CON	Conservative	Coalition	Bradley, Karen Anne	F	-
ParlaMint-GB_2015-01-05-commons.u368	Minutes of the House of Commons, Daily Session 2015-01-05	2015-01-05	2015-01-05	Lower house	55					Reference	Regular	MP	LAB	Labour	Opposition	Champion, Sarah Deborah	F	-
ParlaMint-GB_2015-01-05-commons.u369	Minutes of the House of Commons, Daily Session 2015-01-05	2015-01-05	2015-01-05	Lower house	55					Reference	Regular	MP	CON	Conservative	Coalition	Burrowes, David John Barrington	M	-
ParlaMint-GB_2015-01-05-commons.u370	Minutes of the House of Commons, Daily Session 2015-01-05	2015-01-05	2015-01-05	Lower house	55					Reference	Regular	MP	DUP	Democratic Unionist Party	Opposition	Paisley, Ian Richard Kyle	M	-
ParlaMint-GB_2015-01-05-commons.u371	Minutes of the House of Commons, Daily Session 2015-01-05	2015-01-05	2015-01-05	Lower house	55					Reference	Regular	MP	CON	Conservative	Coalition	Bray, Angie	F	-
ParlaMint-GB_2015-01-05-commons.u372	Minutes of the House of Commons, Daily Session 2015-01-05	2015-01-05	2015-01-05	Lower house	55					Reference	Regular	MP	LAB	Labour	Opposition	Mactaggart, Fiona Margaret	F	-
ParlaMint-GB_2015-01-05-commons.u373	Minutes of the House of Commons, Daily Session 2015-01-05	2015-01-05	2015-01-05	Lower house	55					Reference	Regular	MP	LAB	Labour	Opposition	Abrahams, Deborah Angela Elspeth Marie	F	-
ParlaMint-GB_2015-01-05-commons.u374	Minutes of the House of Commons, Daily Session 2015-01-05	2015-01-05	2015-01-05	Lower house	55					Reference	Regular	MP	LAB	Labour	Opposition	Mactaggart, Fiona Margaret	F	-
ParlaMint-GB_2015-01-05-commons.u375	Minutes of the House of Commons, Daily Session 2015-01-05	2015-01-05	2015-01-05	Lower house	55					Reference	Regular	MP	CON	Conservative	Coalition	Miller, Maria Frances Lewis	F	-
ParlaMint-GB_2015-01-05-commons.u376	Minutes of the House of Commons, Daily Session 2015-01-05	2015-01-05	2015-01-05	Lower house	55					Reference	Regular	MP	CON	Conservative	Coalition	Newton, Sarah Louise	F	-
ParlaMint-GB_2015-01-05-commons.u377	Minutes of the House of Commons, Daily Session 2015-01-05	2015-01-05	2015-01-05	Lower house	55					Reference	Regular	MP	CON	Conservative	Coalition	Miller, Maria Frances Lewis	F	-
ParlaMint-GB_2015-01-05-commons.u378	Minutes of the House of Commons, Daily Session 2015-01-05	2015-01-05	2015-01-05	Lower house	55					Reference	Regular	MP	CON	Conservative	Coalition	Smith, Chloe Rebecca	F	-
ParlaMint-GB_2015-01-05-commons.u379	Minutes of the House of Commons, Daily Session 2015-01-05	2015-01-05	2015-01-05	Lower house	55					Reference	Regular	MP	CON	Conservative	Coalition	Cash, William Nigel Paul	M	-
ParlaMint-GB_2015-01-05-commons.u380	Minutes of the House of Commons, Daily Session 2015-01-05	2015-01-05	2015-01-05	Lower house	55					Reference	Regular	MP	LAB	Labour	Opposition	Dromey, John Eugene Joseph	M	-
ParlaMint-GB_2015-01-05-commons.u381	Minutes of the House of Commons, Daily Session 2015-01-05	2015-01-05	2015-01-05	Lower house	55					Reference	Regular	MP	DUP	Democratic Unionist Party	Opposition	Paisley, Ian Richard Kyle	M	-
ParlaMint-GB_2015-01-05-commons.u382	Minutes of the House of Commons, Daily Session 2015-01-05	2015-01-05	2015-01-05	Lower house	55					Reference	Regular	MP	LAB	Labour	Opposition	Dromey, John Eugene Joseph	M	-
ParlaMint-GB_2015-01-05-commons.u383	Minutes of the House of Commons, Daily Session 2015-01-05	2015-01-05	2015-01-05	Lower house	55					Reference	Regular	MP	CON	Conservative	Coalition	Bradley, Karen Anne	F	-
ParlaMint-GB_2015-01-05-commons.u384	Minutes of the House of Commons, Daily Session 2015-01-05	2015-01-05	2015-01-05	Lower house	55					Reference	Regular	MP	LAB	Labour	Opposition	Johnson, Diana Ruth	F	-
ParlaMint-GB_2015-01-05-commons.u385	Minutes of the House of Commons, Daily Session 2015-01-05	2015-01-05	2015-01-05	Lower house	55					Reference	Regular	MP	DUP	Democratic Unionist Party	Opposition	Shannon, Richard James	M	-
ParlaMint-GB_2015-01-05-commons.u386	Minutes of the House of Commons, Daily Session 2015-01-05	2015-01-05	2015-01-05	Lower house	55					Reference	Regular	MP	LAB	Labour	Opposition	Johnson, Diana Ruth	F	-
ParlaMint-GB_2015-01-05-commons.u387	Minutes of the House of Commons, Daily Session 2015-01-05	2015-01-05	2015-01-05	Lower house	55					Reference	Regular	MP	LAB	Labour	Opposition	Johnson, Alan Arthur	M	-
ParlaMint-GB_2015-01-05-commons.u388	Minutes of the House of Commons, Daily Session 2015-01-05	2015-01-05	2015-01-05	Lower house	55					Reference	Regular	MP	LAB	Labour	Opposition	Johnson, Diana Ruth	F	-
ParlaMint-GB_2015-01-05-commons.u389	Minutes of the House of Commons, Daily Session 2015-01-05	2015-01-05	2015-01-05	Lower house	55					Reference	Regular	MP	CON	Conservative	Coalition	Poulter, Daniel Leonard James	M	-
ParlaMint-GB_2015-01-05-commons.u390	Minutes of the House of Commons, Daily Session 2015-01-05	2015-01-05	2015-01-05	Lower house	55					Reference	Regular	MP	LAB	Labour	Opposition	Johnson, Diana Ruth	F	-
ParlaMint-GB_2015-01-05-commons.u391	Minutes of the House of Commons, Daily Session 2015-01-05	2015-01-05	2015-01-05	Lower house	55					Reference	Regular	MP	CON	Conservative	Coalition	Poulter, Daniel Leonard James	M	-
